Fecha,Unidades_Vendidas_Brutas,Devoluciones_Unidades,Unidades_Vendidas,Precio_Medio_USD,Ingresos_Brutos_USD,Devoluciones_USD,Impuestos_USD,Ingresos_USD
2022-06-01,44,0,44,8.913636363636364,449.68,0.0,-21.24,428.44
2022-06-02,67,0,67,20.26875,1294.24,0.0,-98.28,1195.96
2022-06-03,117,0,117,21.0675,2304.4300000000003,0.0,-174.95999999999998,2129.4700000000003
2022-06-04,83,0,83,15.625,1031.3500000000001,0.0,-89.97999999999999,941.3700000000001
2022-06-05,136,0,136,12.862727272727273,1732.55,0.0,-140.89,1591.6599999999999
2022-06-06,108,0,108,10.905,1376.58,0.0,-99.49,1277.0900000000001
2022-06-07,130,0,130,14.576923076923077,1500.34,0.0,-125.92,1374.42
2022-06-08,79,0,79,17.106,1059.94,0.0,-106.15,953.79
2022-06-09,36,0,36,9.674999999999999,439.98,0.0,-33.74,406.24
2022-06-10,142,0,142,16.78,2381.7,0.0,-147.47,2234.23
2022-06-11,115,0,115,16.777272727272727,1961.28,0.0,-126.55,1834.73
2022-06-12,78,0,78,14.091,1288.1,0.0,-100.09,1188.01
2022-06-13,80,0,80,15.086666666666666,1302.17,0.0,-108.05000000000001,1194.12
2022-06-14,57,0,57,13.560999999999998,743.36,0.0,-46.370000000000005,696.99
2022-06-15,63,0,63,14.196000000000002,842.97,0.0,-76.59,766.3800000000001
2022-06-16,71,0,71,10.496428571428572,612.76,0.0,-53.04,559.72
2022-06-17,90,0,90,8.7225,929.47,0.0,-94.85,834.62
2022-06-18,105,0,105,8.167272727272728,1084.3600000000001,0.0,-123.86,960.5
2022-06-19,52,0,52,9.606666666666667,446.47,0.0,-30.1,416.37
2022-06-20,79,0,79,10.385,809.75,0.0,-71.16,738.59
2022-06-21,51,0,51,8.324285714285715,413.46000000000004,0.0,-34.62,378.84000000000003
2022-06-22,65,0,65,9.524000000000001,610.9300000000001,0.0,-53.2,557.73
2022-06-23,100,0,100,18.003999999999998,1655.0900000000001,0.0,-84.5,1570.5900000000001
2022-06-24,99,0,99,14.950000000000001,1589.64,0.0,-112.17,1477.47
2022-06-25,89,0,89,12.22272727272727,1305.64,0.0,-81.71,1223.93
2022-06-26,61,0,61,16.16111111111111,1071.8,0.0,-70.86,1000.94
2022-06-27,73,0,73,14.702222222222222,1048.03,0.0,-54.79,993.24
2022-06-28,57,0,57,20.117272727272727,898.57,0.0,-69.46000000000001,829.11
2022-06-29,54,0,54,9.482222222222223,692.64,0.0,-48.16,644.48
2022-06-30,149,0,149,11.669230769230769,2387.06,0.0,-178.93,2208.13
2022-07-01,130,0,130,18.236363636363635,2055.3199999999997,0.0,-164.64000000000001,1890.6799999999998
2022-07-02,138,0,138,16.133333333333333,2115.76,0.0,-201.74,1914.02
2022-07-03,77,0,77,16.371666666666666,1204.0,0.0,-81.45,1122.55
2022-07-04,63,0,63,10.965714285714286,852.02,0.0,-47.3,804.72
2022-07-05,82,0,82,12.766666666666666,1153.1100000000001,0.0,-91.53,1061.58
2022-07-06,34,0,34,9.022,497.93,0.0,-19.5,478.43
2022-07-07,66,0,66,19.318,1495.81,0.0,-92.53,1403.28
2022-07-08,105,0,105,16.260666666666665,1896.74,0.0,-123.6,1773.14
2022-07-09,101,0,101,13.347,1526.79,0.0,-106.73,1420.06
2022-07-10,91,0,91,18.927,1821.07,0.0,-144.88,1676.19
2022-07-11,86,0,86,16.837142857142858,1313.6599999999999,0.0,-99.91,1213.75
2022-07-12,66,0,66,12.594999999999999,975.81,0.0,-95.49,880.3199999999999
2022-07-13,58,0,58,15.615714285714287,1090.35,0.0,-87.07,1003.28
2022-07-14,112,0,112,12.661111111111111,1729.08,0.0,-146.71,1582.37
2022-07-15,55,0,55,8.893333333333333,418.69,0.0,-32.019999999999996,386.67
2022-07-16,71,0,71,9.438333333333334,696.52,0.0,-60.06,636.46
2022-07-17,60,0,60,12.347142857142856,573.12,0.0,-53.37,519.75
2022-07-18,34,0,34,8.3225,343.82000000000005,0.0,-28.8,315.02
2022-07-19,35,0,35,8.629999999999999,421.19,0.0,-19.119999999999997,402.07
2022-07-20,47,0,47,8.462222222222222,417.64000000000004,0.0,-28.59,389.04999999999995
2022-07-21,111,0,111,8.76125,1169.97,0.0,-68.19,1101.78
2022-07-22,219,0,219,11.0725,2652.01,0.0,-199.63,2452.38
2022-07-23,74,0,74,12.37909090909091,891.13,0.0,-50.980000000000004,840.15
2022-07-24,63,0,63,10.972857142857142,789.11,0.0,-70.07,719.04
2022-07-25,60,0,60,11.5175,727.28,0.0,-63.78,663.5
2022-07-26,67,0,67,15.028,906.0500000000001,0.0,-50.209999999999994,855.8399999999999
2022-07-27,56,0,56,13.742857142857144,689.38,0.0,-44.14,645.24
2022-07-28,101,0,101,16.047,2053.25,0.0,-119.91,1933.3400000000001
2022-07-29,128,0,128,24.991875,3194.84,0.0,-250.25,2944.59
2022-07-30,129,0,129,26.95230769230769,2675.3,0.0,-202.29,2473.01
2022-07-31,153,0,153,15.656363636363636,2805.02,0.0,-254.67000000000002,2550.3500000000004
2022-08-01,133,0,133,11.256666666666666,2121.28,0.0,-159.3,1961.98
2022-08-02,99,0,99,12.466,1418.0900000000001,0.0,-155.94,1262.15
2022-08-03,115,0,115,12.505833333333333,1397.4899999999998,0.0,-131.19,1266.3
2022-08-04,89,0,89,11.6175,1062.3,0.0,-83.6,978.6999999999999
2022-08-05,99,0,99,8.532727272727273,803.6800000000001,0.0,-46.230000000000004,757.45
2022-08-06,58,0,58,13.299999999999999,553.49,0.0,-41.900000000000006,511.59000000000003
2022-08-07,48,0,48,6.905,486.49,0.0,-33.54,452.95000000000005
2022-08-08,43,0,43,10.723333333333334,402.66999999999996,0.0,-27.41,375.26
2022-08-09,40,0,40,6.96,356.28000000000003,0.0,-18.87,337.41
2022-08-10,84,0,84,7.909999999999999,897.99,0.0,-64.53,833.46
2022-08-11,88,0,88,12.620000000000001,1250.9099999999999,0.0,-69.92,1180.99
2022-08-12,40,0,40,15.815714285714288,596.46,0.0,-45.71,550.75
2022-08-13,61,0,61,14.462857142857143,902.5600000000001,0.0,-61.45,841.1099999999999
2022-08-14,61,0,61,20.43,904.82,0.0,-50.25,854.5699999999999
2022-08-15,42,0,42,9.073333333333332,502.41999999999996,0.0,-34.76,467.65999999999997
2022-08-16,46,0,46,14.531666666666666,647.31,0.0,-44.379999999999995,602.9300000000001
2022-08-17,36,0,36,12.01,419.98,0.0,-36.06,383.92
2022-08-18,71,0,71,13.387142857142857,908.5,0.0,-62.24,846.26
2022-08-19,95,0,95,11.828333333333333,1058.08,0.0,-67.55000000000001,990.53
2022-08-20,60,0,60,10.186,677.75,0.0,-47.25,630.5
2022-08-21,30,0,30,9.936,340.59999999999997,0.0,-20.32,320.28
2022-08-22,54,0,54,14.2025,879.6099999999999,0.0,-79.91,799.7
2022-08-23,25,0,25,10.73,275.07,0.0,-21.2,253.87
2022-08-24,33,0,33,11.437999999999999,398.86,0.0,-39.0,359.86
2022-08-25,70,0,70,23.412,1669.6799999999998,0.0,-71.19,1598.49
2022-08-26,94,0,94,16.543,2094.12,0.0,-136.2,1957.92
2022-08-27,98,0,98,13.05909090909091,1493.81,0.0,-78.77000000000001,1415.04
2022-08-28,109,0,109,11.6925,1103.4299999999998,0.0,-86.82,1016.61
2022-08-29,64,0,64,18.504285714285714,1161.7,0.0,-86.48,1075.22
2022-08-30,97,0,97,10.068000000000001,1181.35,0.0,-65.23,1116.12
2022-08-31,75,0,75,17.957692307692305,1427.17,0.0,-93.83,1333.3400000000001
2022-09-01,97,0,97,7.477142857142858,1075.0,0.0,-42.57,1032.43
2022-09-02,65,0,65,8.668571428571429,667.11,0.0,-37.67,629.4399999999999
2022-09-03,55,0,55,8.93,584.6099999999999,0.0,-49.2,535.41
2022-09-04,80,0,80,13.590000000000002,864.7,0.0,-60.05,804.65
2022-09-05,41,0,41,10.3925,470.55,0.0,-23.799999999999997,446.75
2022-09-06,29,0,29,6.2125,210.51,0.0,-13.29,197.22
2022-09-07,39,0,39,6.63,319.27,0.0,-13.45,305.82
2022-09-08,90,0,90,12.997142857142856,1197.62,0.0,-57.150000000000006,1140.47
2022-09-09,66,0,66,13.989166666666668,1067.63,0.0,-77.85,989.78
2022-09-10,29,0,29,16.265,434.15,0.0,-33.230000000000004,400.91999999999996
2022-09-11,27,0,27,13.0625,394.58,0.0,-29.880000000000003,364.7
2022-09-12,58,0,58,10.2775,908.1600000000001,0.0,-61.58,846.58
2022-09-13,20,0,20,17.19,350.95,0.0,-9.91,341.03999999999996
2022-09-14,40,0,40,15.37,665.9100000000001,0.0,-43.97,621.9399999999999
2022-09-15,28,0,28,8.588,308.81,0.0,-20.11,288.7
2022-09-16,54,0,54,12.557500000000001,783.79,0.0,-56.410000000000004,727.38
2022-09-17,54,0,54,15.280000000000001,871.28,0.0,-47.46,823.82
2022-09-18,26,0,26,16.7275,557.35,0.0,-26.509999999999998,530.84
2022-09-19,30,0,30,16.288333333333334,434.72,0.0,-40.510000000000005,394.21
2022-09-20,44,0,44,14.774000000000001,612.31,0.0,-44.12,568.19
2022-09-21,52,0,52,17.26,897.57,0.0,-37.77,859.8
2022-09-22,52,0,52,12.120000000000001,841.3,0.0,-40.74,800.5600000000001
2022-09-23,138,0,138,13.46642857142857,2237.27,0.0,-151.78,2085.49
2022-09-24,70,0,70,13.234444444444444,1037.55,0.0,-73.64,963.9100000000001
2022-09-25,56,0,56,9.705714285714285,731.23,0.0,-46.86,684.37
2022-09-26,35,0,35,14.257142857142856,518.8199999999999,0.0,-20.28,498.54
2022-09-27,39,0,39,13.982857142857142,534.06,0.0,-36.46,497.6
2022-09-28,39,0,39,17.9625,660.53,0.0,-44.91,615.62
2022-09-29,60,0,60,27.792857142857144,1590.55,0.0,-112.8,1477.75
2022-09-30,131,0,131,16.720769230769232,2226.1,0.0,-125.75,2100.35
2022-10-01,132,0,132,12.64,1732.6799999999998,0.0,-109.67,1623.01
2022-10-02,88,0,88,9.815999999999999,1295.63,0.0,-54.10000000000001,1241.53
2022-10-03,52,0,52,33.39714285714286,1027.51,0.0,-73.7,953.81
2022-10-04,80,0,80,21.107,1550.73,0.0,-80.86,1469.87
2022-10-05,124,0,124,11.027777777777779,1621.29,0.0,-121.4,1499.89
2022-10-06,110,0,110,14.025,1692.65,0.0,-111.17,1581.48
2022-10-07,49,-2,47,15.765,646.11,-43.78,-25.17,577.16
2022-10-08,49,0,49,10.09142857142857,572.72,0.0,-36.980000000000004,535.74
2022-10-09,70,0,70,10.515,809.74,0.0,-43.1,766.64
2022-10-10,24,0,24,7.900000000000001,248.52,0.0,-15.52,233.0
2022-10-11,43,0,43,9.1,534.69,0.0,-22.72,511.97
2022-10-12,25,0,25,6.4825,253.52,0.0,-6.25,247.27
2022-10-13,71,0,71,11.733333333333334,1107.53,0.0,-47.72,1059.81
2022-10-14,26,-1,25,13.790000000000001,487.40000000000003,-21.89,-34.55,430.96
2022-10-15,50,0,50,12.23375,806.14,0.0,-56.019999999999996,750.12
2022-10-16,24,0,24,12.409999999999998,336.27,0.0,-19.89,316.38
2022-10-17,18,0,18,11.85,226.3,0.0,-15.76,210.54
2022-10-18,14,0,14,8.443333333333333,185.7,0.0,-12.33,173.37
2022-10-19,18,0,18,8.836666666666668,181.70999999999998,0.0,-18.57,163.14
2022-10-20,35,0,35,11.436,478.33,0.0,-26.46,451.87
2022-10-21,47,0,47,13.450000000000001,768.86,0.0,-67.22,701.64
2022-10-22,46,0,46,11.219999999999999,634.5799999999999,0.0,-28.5,606.0799999999999
2022-10-23,41,0,41,12.046,585.37,0.0,-28.259999999999998,557.11
2022-10-24,31,0,31,13.475999999999999,456.62,0.0,-20.9,435.72
2022-10-25,68,0,68,26.6,1587.61,0.0,-95.09,1492.52
2022-10-26,55,-2,53,16.67,948.6400000000001,-27.98,-67.86,852.8
2022-10-27,73,0,73,15.103749999999998,1499.29,0.0,-93.68,1405.61
2022-10-28,136,0,136,11.328571428571427,1958.1200000000001,0.0,-110.9,1847.22
2022-10-29,81,0,81,14.455555555555556,939.41,0.0,-72.68,866.73
2022-10-30,83,0,83,20.72888888888889,1111.57,0.0,-74.16,1037.4099999999999
2022-10-31,73,0,73,17.34,1256.13,0.0,-62.4,1193.73
2022-11-01,77,0,77,12.296363636363635,1200.3600000000001,0.0,-93.98,1106.38
2022-11-02,61,0,61,11.595714285714285,969.08,0.0,-76.87,892.21
2022-11-03,62,0,62,27.422857142857143,1089.47,0.0,-73.13,1016.34
2022-11-04,48,0,48,9.049999999999999,535.41,0.0,-21.13,514.28
2022-11-05,30,0,30,15.956,413.95000000000005,0.0,-31.27,382.67999999999995
2022-11-06,37,0,37,11.02,442.98,0.0,-30.990000000000002,411.99
2022-11-07,31,0,31,9.21,323.8,0.0,-17.97,305.83
2022-11-08,35,0,35,11.3275,525.1,0.0,-30.32,494.78
2022-11-09,54,0,54,9.405000000000001,737.07,0.0,-24.069999999999997,713.0
2022-11-10,65,0,65,7.2628571428571425,515.58,0.0,-30.92,484.66
2022-11-11,37,0,37,5.236666666666667,209.84,0.0,-11.870000000000001,197.97
2022-11-12,44,0,44,5.37,346.0,0.0,-12.86,333.14
2022-11-13,58,0,58,12.26,628.98,0.0,-41.12,587.86
2022-11-14,16,0,16,6.9,109.11999999999999,0.0,-3.8800000000000003,105.24
2022-11-15,17,0,17,12.65,227.86,0.0,-16.36,211.5
2022-11-16,16,0,16,15.950000000000001,165.72,0.0,-14.690000000000001,151.02999999999997
2022-11-17,61,0,61,12.468571428571428,886.41,0.0,-59.739999999999995,826.67
2022-11-18,34,0,34,13.747499999999999,438.88,0.0,-23.09,415.79
2022-11-19,25,0,25,13.135000000000002,343.84000000000003,0.0,-29.91,313.93
2022-11-20,12,0,12,12.635,143.15,0.0,-8.99,134.16
2022-11-21,18,0,18,14.091999999999999,269.27,0.0,-16.07,253.2
2022-11-22,21,0,21,11.5475,245.79000000000002,0.0,-21.98,223.81
2022-11-23,145,0,145,15.206153846153846,2895.0699999999997,0.0,-213.12,2681.95
2022-11-24,121,0,121,19.944545454545455,1779.5600000000002,0.0,-108.23,1671.33
2022-11-25,81,0,81,10.683,1153.44,0.0,-71.87,1081.5700000000002
2022-11-26,88,0,88,17.404,1872.7,0.0,-114.07,1758.6299999999999
2022-11-27,72,0,72,16.172727272727272,1020.6,0.0,-110.45,910.15
2022-11-28,47,0,47,17.6075,733.46,0.0,-73.77,659.69
2022-11-29,45,0,45,15.325454545454544,854.9100000000001,0.0,-92.68,762.23
2022-11-30,72,0,72,14.345714285714285,1687.71,0.0,-48.6,1639.1100000000001
2022-12-01,93,0,93,21.353846153846156,2524.4700000000003,0.0,-131.13,2393.34
2022-12-02,299,0,299,6.0336842105263155,2406.33,0.0,-139.44,2266.89
2022-12-03,291,0,291,6.656999999999999,2623.3599999999997,0.0,-186.12,2437.24
2022-12-04,148,0,148,11.973076923076924,1856.79,0.0,-142.16,1714.63
2022-12-05,81,0,81,10.04375,774.3100000000001,0.0,-60.160000000000004,714.15
2022-12-06,75,0,75,8.7875,732.3199999999999,0.0,-55.239999999999995,677.0799999999999
2022-12-07,50,0,50,12.052222222222222,706.95,0.0,-63.1,643.85
2022-12-08,46,0,46,23.2625,1230.73,0.0,-42.56,1188.17
2022-12-09,117,0,117,13.114545454545453,1740.3,0.0,-122.02000000000001,1618.28
2022-12-10,85,0,85,12.40090909090909,1202.9099999999999,0.0,-91.09,1111.8200000000002
2022-12-11,43,-1,42,11.665714285714285,547.35,-26.97,-24.64,495.74000000000007
2022-12-12,26,0,26,11.620000000000001,310.78,0.0,-16.77,294.01
2022-12-13,55,0,55,12.36,857.56,0.0,-30.220000000000002,827.34
2022-12-14,32,0,32,11.52,420.03000000000003,0.0,-22.549999999999997,397.48
2022-12-15,31,0,31,18.085,496.28,0.0,-21.24,475.04
2022-12-16,82,0,82,27.539285714285715,1706.5,0.0,-106.19,1600.31
2022-12-17,78,0,78,10.559999999999999,1156.08,0.0,-90.82,1065.26
2022-12-18,59,0,59,12.834285714285715,1024.54,0.0,-54.5,970.0400000000001
2022-12-19,52,0,52,13.154285714285715,835.6600000000001,0.0,-42.17,793.49
2022-12-20,48,0,48,13.782499999999999,591.66,0.0,-54.94,536.72
2022-12-21,53,0,53,8.395,730.82,0.0,-44.22,686.6
2022-12-22,66,0,66,8.848571428571429,782.69,0.0,-34.8,747.89
2022-12-23,61,-1,60,10.874,1029.85,-49.0,-54.49,926.36
2022-12-24,26,0,26,14.552000000000001,443.02,0.0,-33.46,409.56
2022-12-25,21,0,21,19.30666666666667,385.07,0.0,-19.89,365.18
2022-12-26,34,0,34,29.27,511.63,0.0,-36.120000000000005,475.51
2022-12-27,26,0,26,12.557142857142859,431.15,0.0,-14.34,416.81000000000006
2022-12-28,38,0,38,16.2,523.1700000000001,0.0,-41.22,481.95000000000005
2022-12-29,60,0,60,9.532,996.6800000000001,0.0,-66.6,930.08
2022-12-30,42,0,42,17.175714285714285,888.1,0.0,-69.11,818.99
2022-12-31,16,0,16,18.113333333333333,287.41,0.0,-22.86,264.55
2023-01-01,30,0,30,16.012,602.81,0.0,-34.339999999999996,568.47
2023-01-02,52,0,52,15.00375,892.3800000000001,0.0,-50.14,842.24
2023-01-03,25,0,25,21.344,471.85999999999996,0.0,-45.910000000000004,425.95
2023-01-04,27,0,27,13.533333333333333,453.31999999999994,0.0,-36.93,416.39000000000004
2023-01-05,38,0,38,11.78,688.76,0.0,-38.11,650.6500000000001
2023-01-06,25,0,25,18.043333333333333,387.34000000000003,0.0,-14.82,372.52
2023-01-07,22,0,22,12.040000000000001,418.68,0.0,-22.410000000000004,396.27
2023-01-08,42,0,42,11.024000000000001,577.8399999999999,0.0,-56.75,521.09
2023-01-09,43,0,43,26.261666666666667,881.83,0.0,-59.89,821.9399999999999
2023-01-10,9,0,9,8.754999999999999,105.06,0.0,-6.5600000000000005,98.5
2023-01-11,32,0,32,11.031666666666666,625.6999999999999,0.0,-38.89,586.8100000000001
2023-01-12,80,0,80,26.19727272727273,2228.63,0.0,-142.54,2086.09
2023-01-13,130,0,130,25.443076923076923,2744.34,0.0,-186.61,2557.73
2023-01-14,81,0,81,24.891666666666666,1235.85,0.0,-108.37,1127.48
2023-01-15,100,0,100,15.304,1489.96,0.0,-133.93,1356.0300000000002
2023-01-16,99,0,99,22.00153846153846,2137.0299999999997,0.0,-165.77,1971.26
2023-01-17,72,0,72,10.055,761.31,0.0,-64.19,697.12
2023-01-18,36,0,36,15.497142857142858,470.72,0.0,-50.87,419.85
2023-01-19,127,0,127,8.545454545454545,1537.05,0.0,-61.7,1475.35
2023-01-20,129,0,129,7.98,1447.33,0.0,-73.97999999999999,1373.35
2023-01-21,70,0,70,8.035714285714286,1124.49,0.0,-76.65,1047.84
2023-01-22,58,0,58,8.526,647.97,0.0,-23.62,624.3499999999999
2023-01-23,46,0,46,16.11,1682.74,0.0,-11.25,1671.49
2023-01-24,39,0,39,16.0225,484.33000000000004,0.0,-35.09,449.24
2023-01-25,44,0,44,10.812857142857142,527.52,0.0,-35.96,491.56
2023-01-26,80,0,80,10.538571428571428,891.45,0.0,-44.93,846.52
2023-01-27,87,0,87,6.406000000000001,775.0,0.0,-33.63,741.37
2023-01-28,84,0,84,8.145,1324.62,0.0,-52.809999999999995,1271.81
2023-01-29,48,0,48,12.171666666666667,630.9399999999999,0.0,-38.49,592.45
2023-01-30,41,0,41,10.734285714285715,336.06,0.0,-19.67,316.39
2023-01-31,59,0,59,12.2725,716.26,0.0,-64.62,651.64
2023-02-01,47,0,47,11.638571428571428,655.44,0.0,-62.14,593.3
2023-02-02,70,0,70,10.701666666666668,1158.74,0.0,-76.85,1081.89
2023-02-03,57,0,57,11.22625,1009.08,0.0,-64.07000000000001,945.01
2023-02-04,38,0,38,13.341999999999999,517.39,0.0,-32.86,484.53
2023-02-05,32,0,32,10.368,346.99,0.0,-19.72,327.27
2023-02-06,46,0,46,13.910000000000002,1119.54,0.0,-37.95,1081.5900000000001
2023-02-07,53,0,53,13.896666666666667,900.03,0.0,-27.270000000000003,872.76
2023-02-08,22,0,22,9.07,249.19,0.0,-16.07,233.12
2023-02-09,41,0,41,12.4725,540.03,0.0,-19.15,520.88
2023-02-10,281,0,281,11.943076923076923,3650.89,0.0,-170.95,3479.94
2023-02-11,73,0,73,12.745000000000001,1242.31,0.0,-62.63,1179.68
2023-02-12,51,0,51,10.602857142857143,579.45,0.0,-54.79,524.66
2023-02-13,83,0,83,12.180000000000001,1189.38,0.0,-34.37,1155.01
2023-02-14,74,0,74,9.802222222222222,1120.37,0.0,-62.150000000000006,1058.22
2023-02-15,69,0,69,10.61111111111111,860.78,0.0,-46.93000000000001,813.8499999999999
2023-02-16,79,0,79,12.614,1435.08,0.0,-44.7,1390.38
2023-02-17,153,0,153,16.273333333333333,2933.9,0.0,-65.85,2868.0499999999997
2023-02-18,136,0,136,15.216666666666667,2128.8799999999997,0.0,-29.740000000000002,2099.14
2023-02-19,104,0,104,9.665000000000001,1629.49,0.0,-26.93,1602.5600000000002
2023-02-20,113,0,113,15.416666666666666,1869.05,0.0,-23.86,1845.1899999999998
2023-02-21,57,0,57,21.595714285714287,2638.37,0.0,-43.99,2594.38
2023-02-22,50,0,50,33.57,2452.0499999999997,0.0,-29.72,2422.33
2023-02-23,84,0,84,34.712,2416.07,0.0,-97.9,2318.17
2023-02-24,116,0,116,15.101666666666667,3419.2400000000002,0.0,-97.08000000000001,3322.16
2023-02-25,99,0,99,16.812,1920.3500000000001,0.0,-107.13,1813.22
2023-02-26,70,0,70,14.793333333333335,948.15,0.0,-79.14,869.01
2023-02-27,69,0,69,8.4925,942.71,0.0,-30.36,912.35
2023-02-28,63,0,63,27.906666666666666,884.9499999999999,0.0,-54.4,830.55
2023-03-01,87,0,87,11.275714285714285,1285.12,0.0,-98.52,1186.6
2023-03-02,70,0,70,10.836666666666666,772.78,0.0,-50.47,722.3100000000001
2023-03-03,81,0,81,6.67875,665.03,0.0,-50.05,614.98
2023-03-04,48,0,48,8.565714285714284,371.53999999999996,0.0,-26.07,345.47
2023-03-05,39,0,39,8.971666666666666,438.18,0.0,-26.619999999999997,411.56
2023-03-06,29,0,29,8.852,279.19,0.0,-14.39,264.79999999999995
2023-03-07,33,0,33,6.609999999999999,374.74,0.0,-20.51,354.23
2023-03-08,26,0,26,8.321666666666667,201.82,0.0,-16.11,185.71
2023-03-09,77,0,77,6.75,611.13,0.0,-43.85,567.28
2023-03-10,30,0,30,8.6,279.63,0.0,-26.64,252.98999999999998
2023-03-11,24,0,24,7.01,201.85,0.0,-18.43,183.42
2023-03-12,50,0,50,5.148571428571429,308.87,0.0,-21.59,287.28000000000003
2023-03-13,22,0,22,8.2325,166.91,0.0,-13.39,153.52
2023-03-14,33,0,33,9.626666666666667,313.42,0.0,-16.27,297.15
2023-03-15,46,0,46,8.634,564.7,0.0,-29.28,535.42
2023-03-16,51,0,51,30.8675,1348.4099999999999,0.0,-81.65,1266.76
2023-03-17,88,0,88,11.964,1349.23,0.0,-65.34,1283.8899999999999
2023-03-18,104,0,104,15.215,1844.04,0.0,-113.44,1730.6000000000001
2023-03-19,59,0,59,15.135,1161.9,0.0,-50.31,1111.59
2023-03-20,68,0,68,8.805,936.9,0.0,-57.129999999999995,879.77
2023-03-21,31,0,31,9.7925,371.55,0.0,-19.96,351.59
2023-03-22,22,0,22,11.322,211.7,0.0,-14.42,197.27999999999997
2023-03-23,61,0,61,10.03625,586.5,0.0,-64.12,522.38
2023-03-24,46,0,46,8.422857142857143,338.93,0.0,-22.49,316.44
2023-03-25,37,0,37,8.925,319.36,0.0,-20.05,299.30999999999995
2023-03-26,23,0,23,7.1475,249.17,0.0,-12.8,236.37
2023-03-27,22,0,22,7.202500000000001,252.49,0.0,-14.73,237.76
2023-03-28,21,0,21,10.606,235.45000000000002,0.0,-25.73,209.71999999999997
2023-03-29,40,0,40,10.42,328.93,0.0,-29.119999999999997,299.81
2023-03-30,62,0,62,15.396,1797.9,0.0,-52.599999999999994,1745.3
2023-03-31,105,0,105,18.142222222222223,2260.59,0.0,-165.78,2094.81
2023-04-01,133,0,133,7.837272727272728,1827.94,0.0,-128.04,1699.9
2023-04-02,104,0,104,16.72,1518.6599999999999,0.0,-91.1,1427.56
2023-04-03,76,0,76,13.598333333333334,1051.39,0.0,-52.870000000000005,998.52
2023-04-04,82,0,82,27.38,1435.0,0.0,-84.61,1350.39
2023-04-05,61,0,61,14.256250000000001,1316.3400000000001,0.0,-33.48,1282.8600000000001
2023-04-06,177,0,177,11.994,1782.02,0.0,-125.72999999999999,1656.29
2023-04-07,89,0,89,6.405333333333333,691.52,0.0,-59.41,632.11
2023-04-08,62,0,62,11.563333333333333,1286.25,0.0,-32.81,1253.4399999999998
2023-04-09,67,0,67,5.845714285714286,511.34999999999997,0.0,-28.97,482.38
2023-04-10,88,0,88,8.308181818181819,893.02,0.0,-49.43,843.59
2023-04-11,45,0,45,7.43,375.11,0.0,-22.080000000000002,353.03
2023-04-12,45,0,45,12.03875,575.4100000000001,0.0,-58.230000000000004,517.18
2023-04-13,110,0,110,6.74125,908.15,0.0,-51.53,856.62
2023-04-14,68,0,68,6.792857142857144,594.26,0.0,-31.82,562.44
2023-04-15,36,0,36,5.746,272.88,0.0,-14.2,258.68
2023-04-16,44,0,44,7.97,398.37,0.0,-29.3,369.07
2023-04-17,37,0,37,8.06,213.36,0.0,-16.4,196.95999999999998
2023-04-18,40,0,40,9.0975,326.17,0.0,-27.560000000000002,298.61
2023-04-19,40,0,40,6.254,391.58,0.0,-19.29,372.28999999999996
2023-04-20,66,0,66,15.482222222222223,1712.92,0.0,-82.61,1630.31
2023-04-21,85,0,85,24.512,1821.53,0.0,-90.87,1730.66
2023-04-22,87,0,87,15.2125,1345.19,0.0,-73.21000000000001,1271.98
2023-04-23,69,-13,56,12.412857142857144,940.8499999999999,-212.4,-56.43,672.02
2023-04-24,86,0,86,13.572857142857144,1192.18,0.0,-76.36,1115.82
2023-04-25,88,0,88,7.0842857142857145,796.23,0.0,-37.19,759.04
2023-04-26,29,0,29,9.634,471.58000000000004,0.0,-19.009999999999998,452.57000000000005
2023-04-27,84,0,84,9.31625,1307.74,0.0,-36.95,1270.79
2023-04-28,199,0,199,12.5375,3629.66,0.0,-246.12,3383.54
2023-04-29,118,0,118,12.969375,1752.02,0.0,-140.02,1612.0
2023-04-30,54,0,54,13.758333333333335,880.02,0.0,-50.72,829.3
2023-05-01,62,0,62,13.672222222222222,771.5899999999999,0.0,-62.269999999999996,709.3199999999999
2023-05-02,75,0,75,14.662500000000001,1329.99,0.0,-109.14,1220.85
2023-05-03,77,0,77,9.373333333333333,796.12,0.0,-68.05,728.0699999999999
2023-05-04,47,0,47,10.6525,651.19,0.0,-44.379999999999995,606.81
2023-05-05,45,0,45,13.338571428571429,776.24,0.0,-61.1,715.14
2023-05-06,49,0,49,14.073333333333332,727.3599999999999,0.0,-38.06,689.3
2023-05-07,36,0,36,11.209999999999999,484.73,0.0,-40.980000000000004,443.75
2023-05-08,45,0,45,11.678571428571429,827.45,0.0,-56.42,771.03
2023-05-09,39,0,39,16.073333333333334,671.75,0.0,-47.08,624.6700000000001
2023-05-10,53,0,53,28.893333333333334,1095.27,0.0,-80.92,1014.3500000000001
2023-05-11,39,0,39,20.31,685.8799999999999,0.0,-35.67,650.21
2023-05-12,42,0,42,9.737142857142857,567.18,0.0,-34.25,532.9300000000001
2023-05-13,61,0,61,8.23,733.4000000000001,0.0,-37.99,695.4100000000001
2023-05-14,63,0,63,16.781666666666666,761.3199999999999,0.0,-52.95,708.3699999999999
2023-05-15,58,0,58,11.183333333333332,966.77,0.0,-56.03,910.74
2023-05-16,51,0,51,14.166666666666666,614.22,0.0,-38.019999999999996,576.2
2023-05-17,34,0,34,9.1175,439.14,0.0,-24.520000000000003,414.62
2023-05-18,67,0,67,10.782,958.94,0.0,-56.239999999999995,902.7
2023-05-19,29,0,29,16.305,531.47,0.0,-23.86,507.61
2023-05-20,37,0,37,16.64,534.36,0.0,-33.81,500.54999999999995
2023-05-21,22,0,22,12.273333333333333,371.64,0.0,-19.88,351.76000000000005
2023-05-22,37,0,37,14.254999999999999,552.22,0.0,-7.82,544.4
2023-05-23,33,0,33,11.696666666666667,532.68,0.0,-36.36,496.32
2023-05-24,26,0,26,8.856666666666667,407.95,0.0,-11.29,396.65999999999997
2023-05-25,4,0,4,13.366666666666667,53.19,0.0,-5.61,47.58
2023-05-26,314,0,314,13.498461538461537,4518.46,0.0,-240.22,4278.24
2023-05-27,90,0,90,13.553333333333333,1286.8300000000002,0.0,-86.69,1200.1399999999999
2023-05-28,90,0,90,14.567142857142857,1218.27,0.0,-82.23,1136.04
2023-05-29,63,0,63,10.311666666666666,828.0400000000001,0.0,-30.11,797.9300000000001
2023-05-30,54,0,54,11.744285714285715,767.06,0.0,-45.79,721.27
2023-05-31,80,0,80,9.341666666666667,1032.22,0.0,-47.42,984.8
2023-06-01,85,0,85,13.763333333333334,1178.17,0.0,-50.629999999999995,1127.54
2023-06-02,87,0,87,16.073333333333334,1215.8000000000002,0.0,-81.02000000000001,1134.78
2023-06-03,81,0,81,10.521666666666667,1232.73,0.0,-61.29,1171.44
2023-06-04,79,0,79,11.257142857142856,1102.4,0.0,-87.02000000000001,1015.3799999999999
2023-06-05,66,0,66,9.415714285714285,758.1700000000001,0.0,-37.730000000000004,720.44
2023-06-06,57,0,57,8.78,643.04,0.0,-33.650000000000006,609.39
2023-06-07,55,0,55,11.69,549.37,0.0,-33.9,515.47
2023-06-08,87,0,87,10.982857142857142,1452.99,0.0,-63.9,1389.09
2023-06-09,77,0,77,11.350000000000001,1184.09,0.0,-85.30000000000001,1098.79
2023-06-10,27,0,27,12.136666666666665,489.75,0.0,-14.92,474.83
2023-06-11,27,0,27,14.26,343.51,0.0,-32.120000000000005,311.39
2023-06-12,33,0,33,12.4825,358.59000000000003,0.0,-15.98,342.61
2023-06-13,34,0,34,11.735,544.78,0.0,-26.259999999999998,518.52
2023-06-14,34,0,34,8.03,415.94,0.0,-11.07,404.87
2023-06-15,73,0,73,10.48625,1312.95,0.0,-96.44999999999999,1216.5
2023-06-16,45,0,45,12.36,486.67,0.0,-28.06,458.61
2023-06-17,25,0,25,14.316666666666668,275.35,0.0,-11.709999999999999,263.64
2023-06-18,50,0,50,12.68,572.9200000000001,0.0,-46.01,526.9100000000001
2023-06-19,46,0,46,12.58,690.93,0.0,-58.48,632.45
2023-06-20,27,0,27,17.766,359.76,0.0,-34.94,324.82
2023-06-21,32,0,32,11.03,366.94,0.0,-23.43,343.51
2023-06-22,44,0,44,12.406666666666666,643.58,0.0,-45.99,597.59
2023-06-23,32,0,32,20.47,605.17,0.0,-33.33,571.84
2023-06-24,16,0,16,8.93,225.84,0.0,-11.87,213.97
2023-06-25,16,0,16,10.826666666666668,290.83,0.0,-11.18,279.65
2023-06-26,30,0,30,16.470000000000002,554.14,0.0,-32.73,521.4100000000001
2023-06-27,151,0,151,11.404666666666666,2920.2400000000002,0.0,-153.04000000000002,2767.2
2023-06-28,59,0,59,14.67,1016.0899999999999,0.0,-65.11,950.98
2023-06-29,59,0,59,12.6425,1224.04,0.0,-60.04,1164.0
2023-06-30,128,0,128,16.0775,2892.08,0.0,-170.23,2721.8500000000004
2023-07-01,114,0,114,16.356,1933.7600000000002,0.0,-145.2,1788.56
2023-07-02,87,0,87,13.266666666666666,1430.25,0.0,-60.78,1369.47
2023-07-03,86,0,86,13.608333333333334,1245.5700000000002,0.0,-92.68,1152.89
2023-07-04,85,0,85,13.045555555555556,1167.6599999999999,0.0,-93.34,1074.32
2023-07-05,50,0,50,16.663999999999998,752.0,0.0,-41.010000000000005,710.99
2023-07-06,40,0,40,12.186,449.92999999999995,0.0,-30.119999999999997,419.81
2023-07-07,44,0,44,14.854,493.38,0.0,-35.4,457.98
2023-07-08,33,0,33,12.9925,606.08,0.0,-41.81,564.27
2023-07-09,70,0,70,18.16142857142857,1404.6100000000001,0.0,-108.78999999999999,1295.82
2023-07-10,8,0,8,13.4,91.07000000000001,0.0,-7.619999999999999,83.44999999999999
2023-07-11,25,0,25,9.95,259.06,0.0,-23.16,235.9
2023-07-12,34,0,34,12.476,504.24,0.0,-49.54,454.7
2023-07-13,63,0,63,9.121428571428572,713.6600000000001,0.0,-22.89,690.7700000000001
2023-07-14,76,0,76,7.020833333333333,615.65,0.0,-41.39,574.26
2023-07-15,89,0,89,6.428571428571429,877.31,0.0,-45.910000000000004,831.4
2023-07-16,58,0,58,6.006666666666667,390.55999999999995,0.0,-26.48,364.08000000000004
2023-07-17,73,0,73,6.87,585.3,0.0,-34.78,550.52
2023-07-18,102,0,102,8.46,1201.4,0.0,-118.28,1083.12
2023-07-19,87,0,87,5.875,646.72,0.0,-55.209999999999994,591.51
2023-07-20,115,0,115,6.645384615384615,850.33,0.0,-61.64,788.69
2023-07-21,135,0,135,7.789285714285714,1076.7,0.0,-64.16,1012.54
2023-07-22,37,0,37,7.941111111111111,318.96000000000004,0.0,-26.35,292.61
2023-07-23,68,0,68,7.7219999999999995,733.77,0.0,-46.87,686.9
2023-07-24,51,0,51,6.3675,428.53000000000003,0.0,-29.259999999999998,399.27
2023-07-25,34,0,34,6.95,298.66,0.0,-17.86,280.79999999999995
2023-07-26,36,0,36,6.8125,288.18,0.0,-21.18,267.0
2023-07-27,39,0,39,18.74285714285714,447.96000000000004,0.0,-42.71,405.25
2023-07-28,330,0,330,14.063571428571427,5320.299999999999,0.0,-254.58999999999997,5065.71
2023-07-29,167,0,167,11.4975,2495.19,0.0,-146.44,2348.75
2023-07-30,168,0,168,13.392222222222223,2580.58,0.0,-160.85000000000002,2419.73
2023-07-31,72,0,72,15.168571428571427,916.6,0.0,-56.620000000000005,859.98
2023-08-01,62,0,62,21.977777777777778,850.41,0.0,-64.92,785.49
2023-08-02,52,0,52,8.031666666666666,507.94,0.0,-35.13,472.81
2023-08-03,68,0,68,12.097142857142858,838.73,0.0,-54.25,784.48
2023-08-04,72,0,72,13.437142857142858,913.1199999999999,0.0,-53.12,860.0
2023-08-05,59,0,59,11.012,686.35,0.0,-31.75,654.6
2023-08-06,26,0,26,14.5,381.91999999999996,0.0,-38.72,343.2
2023-08-07,25,0,25,12.325999999999999,257.0,0.0,-20.41,236.59
2023-08-08,41,0,41,22.31375,544.71,0.0,-62.99,481.72
2023-08-09,38,0,38,13.287142857142857,571.6800000000001,0.0,-53.28,518.4000000000001
2023-08-10,42,0,42,16.07,639.42,0.0,-35.89,603.53
2023-08-11,62,0,62,11.681111111111111,898.73,0.0,-66.81,831.92
2023-08-12,24,0,24,9.11,280.48,0.0,-18.84,261.64
2023-08-13,10,0,10,15.9675,166.48000000000002,0.0,-12.65,153.82999999999998
2023-08-14,11,0,11,13.288,185.76999999999998,0.0,-16.759999999999998,169.01
2023-08-15,17,0,17,16.39,327.39,0.0,-24.69,302.7
2023-08-16,18,0,18,13.965,289.9,0.0,-12.77,277.13
2023-08-17,51,0,51,13.530000000000001,730.5799999999999,0.0,-44.800000000000004,685.7800000000001
2023-08-18,114,0,114,20.537499999999998,1360.27,0.0,-91.09,1269.1799999999998
2023-08-19,89,0,89,13.8,1369.76,0.0,-63.97,1305.79
2023-08-20,80,0,80,7.986666666666667,908.1,0.0,-62.019999999999996,846.08
2023-08-21,45,0,45,12.75625,526.66,0.0,-48.28,478.38
2023-08-22,38,0,38,12.736666666666666,396.75,0.0,-35.519999999999996,361.23
2023-08-23,42,0,42,28.788333333333338,640.5999999999999,0.0,-41.519999999999996,599.0799999999999
2023-08-24,73,0,73,7.6000000000000005,581.06,0.0,-42.370000000000005,538.69
2023-08-25,48,0,48,5.64125,318.34,0.0,-22.95,295.39
2023-08-26,20,0,20,9.008,205.5,0.0,-12.040000000000001,193.45999999999998
2023-08-27,35,0,35,10.222,473.8,0.0,-12.120000000000001,461.68
2023-08-28,13,0,13,12.0225,127.88,0.0,-14.73,113.15
2023-08-29,115,0,115,15.37076923076923,2009.58,0.0,-142.36,1867.2199999999998
2023-08-30,56,0,56,15.327777777777776,845.8399999999999,0.0,-58.209999999999994,787.6300000000001
2023-08-31,88,0,88,15.765,1467.04,0.0,-54.57,1412.47
2023-09-01,76,0,76,10.372,949.34,0.0,-45.84,903.5
2023-09-02,55,0,55,24.02285714285714,796.08,0.0,-53.84,742.24
2023-09-03,27,0,27,14.2625,426.2,0.0,-23.419999999999998,402.78
2023-09-04,28,0,28,26.4025,822.47,0.0,-88.38000000000001,734.0899999999999
2023-09-05,33,0,33,16.312,593.26,0.0,-36.5,556.76
2023-09-06,26,0,26,37.1925,533.81,0.0,-33.08,500.73
2023-09-07,40,0,40,49.50666666666667,1102.46,0.0,-79.06,1023.4
2023-09-08,84,0,84,14.596,1108.28,0.0,-58.16,1050.1200000000001
2023-09-09,78,0,78,11.33,1289.41,0.0,-75.63,1213.78
2023-09-10,48,0,48,18.478,711.16,0.0,-27.270000000000003,683.89
2023-09-11,71,0,71,17.07125,1127.66,0.0,-65.98,1061.68
2023-09-12,52,0,52,14.553333333333335,782.65,0.0,-32.33,750.32
2023-09-13,33,0,33,18.8625,456.22,0.0,-32.260000000000005,423.96000000000004
2023-09-14,20,0,20,18.034,291.13,0.0,-23.34,267.78999999999996
2023-09-15,330,0,330,13.19888888888889,5080.45,0.0,-298.51,4781.9400000000005
2023-09-16,81,0,81,9.043333333333335,1216.32,0.0,-63.91,1152.41
2023-09-17,59,0,59,29.413999999999998,891.59,0.0,-72.11,819.48
2023-09-18,53,0,53,12.453333333333333,705.17,0.0,-61.65,643.52
2023-09-19,43,0,43,13.4525,583.74,0.0,-39.64,544.1
2023-09-20,35,0,35,11.3,541.65,0.0,-37.42,504.23
2023-09-21,30,0,30,12.675,315.25,0.0,-14.870000000000001,300.38
2023-09-22,62,0,62,14.621666666666668,789.9,0.0,-50.69,739.21
2023-09-23,49,0,49,10.331666666666667,629.9200000000001,0.0,-41.31,588.61
2023-09-24,23,0,23,16.49,318.24,0.0,-30.520000000000003,287.72
2023-09-25,25,0,25,8.548,245.18,0.0,-19.36,225.82
2023-09-26,105,0,105,12.318333333333333,1372.91,0.0,-109.22,1263.69
2023-09-27,33,0,33,13.922222222222222,463.40000000000003,0.0,-39.07,424.33000000000004
2023-09-28,35,0,35,13.857142857142858,630.33,0.0,-50.33,580.0
2023-09-29,77,0,77,14.726666666666667,1137.96,0.0,-78.03999999999999,1059.92
2023-09-30,71,0,71,13.565,1118.77,0.0,-65.88,1052.8899999999999
2023-10-01,62,0,62,20.119999999999997,718.06,0.0,-56.49,661.5699999999999
2023-10-02,46,0,46,15.586666666666666,655.74,0.0,-64.25,591.49
2023-10-03,63,0,63,17.2525,992.5899999999999,0.0,-77.58,915.01
2023-10-04,51,0,51,10.553333333333333,576.84,0.0,-27.950000000000003,548.8900000000001
2023-10-05,36,0,36,7.394285714285715,417.86,0.0,-28.810000000000002,389.05
2023-10-06,40,0,40,14.075,543.62,0.0,-44.16,499.46000000000004
2023-10-07,20,0,20,18.1875,229.13,0.0,-20.900000000000002,208.23000000000002
2023-10-08,15,0,15,9.74,115.92,0.0,-10.05,105.87
2023-10-09,20,0,20,9.77,232.10999999999999,0.0,-14.27,217.84
2023-10-10,23,0,23,12.876,235.33,0.0,-28.04,207.29000000000002
2023-10-11,27,-4,23,12.2925,356.54,-26.78,-21.47,308.28999999999996
2023-10-12,62,0,62,17.566666666666666,1243.26,0.0,-65.49,1177.77
2023-10-13,45,0,45,27.288,1027.1,0.0,-55.760000000000005,971.3399999999999
2023-10-14,14,0,14,10.695,156.81,0.0,-13.2,143.61
2023-10-15,35,0,35,14.872499999999999,521.58,0.0,-36.0,485.58
2023-10-16,37,0,37,11.072,646.5899999999999,0.0,-36.8,609.7900000000001
2023-10-17,24,0,24,33.19,303.19,0.0,-29.050000000000004,274.14
2023-10-18,10,0,10,10.556666666666667,104.2,0.0,-4.22,99.98
2023-10-19,91,0,91,10.086,1282.07,0.0,-68.29,1213.78
2023-10-20,117,0,117,13.67,2067.33,0.0,-109.75,1957.58
2023-10-21,39,0,39,21.786666666666665,711.9100000000001,0.0,-49.11,662.8
2023-10-22,55,0,55,17.75125,893.73,0.0,-55.84,837.8900000000001
2023-10-23,29,0,29,31.6875,600.0,0.0,-60.02,539.98
2023-10-24,33,0,33,20.903333333333332,618.44,0.0,-29.43,589.01
2023-10-25,29,0,29,13.244285714285713,413.21,0.0,-32.370000000000005,380.84000000000003
2023-10-26,80,0,80,16.804615384615385,2013.92,0.0,-123.47999999999999,1890.44
2023-10-27,93,0,93,18.505000000000003,2013.33,0.0,-116.31,1897.02
2023-10-28,158,0,158,11.476,2433.64,0.0,-303.45000000000005,2130.1899999999996
2023-10-29,91,0,91,15.776666666666666,1396.0700000000002,0.0,-118.52,1277.5500000000002
2023-10-30,56,0,56,17.637777777777774,888.21,0.0,-61.66,826.55
2023-10-31,47,0,47,9.74,442.14000000000004,0.0,-38.43,403.71000000000004
2023-11-01,72,0,72,12.096,749.52,0.0,-66.94999999999999,682.57
2023-11-02,46,0,46,17.237000000000002,748.24,0.0,-55.400000000000006,692.8399999999999
2023-11-03,26,0,26,16.493333333333332,369.55,0.0,-37.28,332.27
2023-11-04,25,0,25,17.268,461.65,0.0,-33.29,428.36
2023-11-05,22,0,22,30.968,382.65,0.0,-33.54,349.11
2023-11-06,23,0,23,11.8225,371.26,0.0,-23.31,347.95
2023-11-07,23,0,23,13.176666666666668,285.46000000000004,0.0,-24.45,261.01
2023-11-08,19,0,19,18.5275,335.03999999999996,0.0,-31.369999999999997,303.67
2023-11-09,54,0,54,14.108333333333334,778.1800000000001,0.0,-38.68,739.5
2023-11-10,235,0,235,13.588999999999999,3599.1400000000003,0.0,-278.9,3320.24
2023-11-11,128,0,128,11.29,1686.18,0.0,-57.26,1628.92
2023-11-12,29,0,29,12.698333333333332,338.59,0.0,-12.43,326.16
2023-11-13,26,0,26,18.746666666666666,556.97,0.0,-26.75,530.22
2023-11-14,52,0,52,8.7775,803.04,0.0,-45.62,757.4200000000001
2023-11-15,43,0,43,11.63125,538.23,0.0,-39.99,498.24
2023-11-16,35,0,35,13.698333333333332,534.97,0.0,-28.97,506.0
2023-11-17,49,0,49,13.844285714285714,691.57,0.0,-76.36,615.21
2023-11-18,50,0,50,14.950000000000001,665.21,0.0,-47.489999999999995,617.72
2023-11-19,54,0,54,25.33,642.52,0.0,-42.42,600.1
2023-11-20,59,0,59,8.676,738.7,0.0,-37.16,701.54
2023-11-21,179,0,179,14.174999999999999,3535.91,0.0,-252.99,3282.92
2023-11-22,100,0,100,17.51125,1607.1200000000001,0.0,-119.47,1487.6499999999999
2023-11-23,78,0,78,14.741666666666667,1455.0800000000002,0.0,-93.38,1361.7
2023-11-24,73,0,73,12.283750000000001,1176.19,0.0,-65.53,1110.66
2023-11-25,41,0,41,19.82428571428571,908.81,0.0,-82.34,826.47
2023-11-26,46,0,46,17.11181818181818,948.01,0.0,-55.77,892.24
2023-11-27,35,0,35,19.564285714285713,670.3,0.0,-40.89,629.4100000000001
2023-11-28,44,0,44,18.555555555555557,850.6099999999999,0.0,-74.38,776.23
2023-11-29,34,0,34,10.095555555555556,467.64000000000004,0.0,-31.4,436.23999999999995
2023-11-30,68,0,68,24.896250000000002,1694.63,0.0,-103.39,1591.24
2023-12-01,61,0,61,18.13125,1217.03,0.0,-89.18,1127.85
2023-12-02,217,0,217,7.340625,1943.6399999999999,0.0,-114.59,1829.05
2023-12-03,45,0,45,7.671818181818182,452.9,0.0,-38.28,414.62
2023-12-04,35,0,35,18.7975,649.06,0.0,-57.620000000000005,591.44
2023-12-05,43,0,43,19.1575,561.96,0.0,-35.67,526.29
2023-12-06,37,0,37,14.61125,810.2,0.0,-49.24,760.96
2023-12-07,65,0,65,13.5375,1134.8400000000001,0.0,-65.71,1069.1299999999999
2023-12-08,47,0,47,15.567142857142857,705.16,0.0,-56.09,649.07
2023-12-09,29,0,29,16.554285714285715,443.77,0.0,-38.38,405.39
2023-12-10,31,0,31,13.974,506.96,0.0,-39.59,467.37
2023-12-11,51,0,51,15.105,813.28,0.0,-75.68,737.6
2023-12-12,59,0,59,13.434285714285716,828.3199999999999,0.0,-61.54,766.7800000000001
2023-12-13,76,0,76,17.02,1310.84,0.0,-70.52000000000001,1240.32
2023-12-14,50,0,50,14.18,872.93,0.0,-37.25,835.6800000000001
2023-12-15,57,0,57,17.64125,1039.19,0.0,-76.96000000000001,962.23
2023-12-16,61,0,61,15.507272727272726,1177.93,0.0,-88.93,1089.0
2023-12-17,55,0,55,14.275555555555554,813.19,0.0,-77.26,735.9300000000001
2023-12-18,46,0,46,12.107000000000001,543.6,0.0,-47.72,495.88
2023-12-19,21,0,21,14.430000000000001,351.85,0.0,-32.510000000000005,319.34000000000003
2023-12-20,43,0,43,9.918888888888889,506.64,0.0,-48.95,457.69
2023-12-21,53,0,53,14.258181818181818,742.28,0.0,-52.59,689.6899999999999
2023-12-22,51,0,51,25.858333333333334,2148.15,0.0,-168.39,1979.7600000000002
2023-12-23,30,0,30,14.659999999999998,471.48,0.0,-39.33,432.15000000000003
2023-12-24,50,0,50,10.948333333333332,712.14,0.0,-61.59,650.55
2023-12-25,13,0,13,13.623333333333333,175.59,0.0,-9.16,166.43
2023-12-26,125,0,125,14.90857142857143,2262.8900000000003,0.0,-139.65,2123.2400000000002
2023-12-27,53,0,53,17.265,955.37,0.0,-95.73,859.64
2023-12-28,43,0,43,21.24,733.24,0.0,-62.370000000000005,670.87
2023-12-29,102,0,102,18.716666666666665,2123.42,0.0,-130.57,1992.8500000000001
2023-12-30,52,0,52,17.688333333333333,833.4100000000001,0.0,-56.47,776.9399999999999
2023-12-31,78,0,78,15.0725,1211.54,0.0,-86.1,1125.44
2024-01-01,44,0,44,18.351666666666667,770.3900000000001,0.0,-74.31,696.0799999999999
2024-01-02,58,0,58,14.627777777777778,779.77,0.0,-53.67,726.1
2024-01-03,42,0,42,11.15,535.4399999999999,0.0,-31.76,503.68
2024-01-04,133,0,133,13.071111111111112,2011.04,0.0,-129.0,1882.0400000000002
2024-01-05,256,0,256,14.931052631578947,3900.25,0.0,-278.31,3621.9399999999996
2024-01-06,82,0,82,13.565000000000001,1394.51,0.0,-104.42,1290.0900000000001
2024-01-07,67,0,67,15.908888888888889,1296.5700000000002,0.0,-105.41,1191.16
2024-01-08,56,0,56,14.691428571428572,681.6099999999999,0.0,-55.56,626.05
2024-01-09,26,0,26,10.454,325.40999999999997,0.0,-21.75,303.65999999999997
2024-01-10,38,0,38,13.030000000000001,702.44,0.0,-44.74,657.7
2024-01-11,75,0,75,12.914285714285715,1080.46,0.0,-93.31,987.1500000000001
2024-01-12,70,0,70,12.45888888888889,913.8999999999999,0.0,-69.57,844.3299999999999
2024-01-13,77,0,77,11.491999999999999,1044.2,0.0,-59.79,984.4100000000001
2024-01-14,78,0,78,11.11,981.53,0.0,-91.78999999999999,889.74
2024-01-15,91,0,91,9.53,1164.21,0.0,-145.63,1018.5799999999999
2024-01-16,107,0,107,13.503,1454.6299999999999,0.0,-191.85999999999999,1262.77
2024-01-17,53,0,53,15.0775,868.26,0.0,-88.62,779.6400000000001
2024-01-18,58,0,58,8.79857142857143,633.4000000000001,0.0,-54.67,578.73
2024-01-19,65,0,65,7.001538461538463,478.67,0.0,-42.379999999999995,436.28999999999996
2024-01-20,61,0,61,9.20111111111111,639.3299999999999,0.0,-46.2,593.13
2024-01-21,62,0,62,9.235,617.4,0.0,-52.97,564.4300000000001
2024-01-22,16,0,16,7.156666666666666,170.51,0.0,-6.03,164.48000000000002
2024-01-23,25,0,25,29.339999999999996,411.02,0.0,-33.95,377.07000000000005
2024-01-24,27,0,27,13.073333333333332,289.8,0.0,-34.78,255.01999999999998
2024-01-25,59,0,59,15.315999999999999,920.54,0.0,-89.9,830.64
2024-01-26,91,0,91,13.025714285714287,1989.98,0.0,-187.17000000000002,1802.81
2024-01-27,70,0,70,12.923333333333334,943.81,0.0,-83.22999999999999,860.5799999999999
2024-01-28,46,0,46,12.571428571428571,525.4300000000001,0.0,-48.81,476.62
2024-01-29,26,0,26,8.105,268.54,0.0,-17.93,250.61
2024-01-30,43,0,43,11.075000000000001,521.35,0.0,-66.92,454.43
2024-01-31,40,0,40,17.6,847.47,0.0,-76.54,770.9300000000001
2024-02-01,51,0,51,12.200000000000001,641.12,0.0,-51.15,589.97
2024-02-02,53,0,53,8.05909090909091,535.89,0.0,-47.37,488.52
2024-02-03,32,0,32,10.348,328.11,0.0,-20.48,307.63
2024-02-04,42,0,42,9.78,543.51,0.0,-38.79,504.71999999999997
2024-02-05,37,0,37,7.140000000000001,448.26,0.0,-30.16,418.1
2024-02-06,32,0,32,10.71,430.5,0.0,-38.97,391.53
2024-02-07,41,0,41,8.278333333333334,505.64,0.0,-39.93,465.71
2024-02-08,192,0,192,29.67,6176.5599999999995,0.0,-402.0,5774.56
2024-02-09,262,0,262,28.514444444444443,6817.16,0.0,-413.94000000000005,6403.219999999999
2024-02-10,203,0,203,21.442666666666664,4018.2400000000002,0.0,-246.03,3772.21
2024-02-11,191,0,191,14.46125,3570.35,0.0,-256.28999999999996,3314.06
2024-02-12,135,0,135,16.313846153846153,2195.08,0.0,-224.18,1970.9
2024-02-13,214,0,214,18.43307692307692,4615.91,0.0,-326.47,4289.4400000000005
2024-02-14,115,0,115,16.354615384615386,2044.3,0.0,-188.26999999999998,1856.0299999999997
2024-02-15,66,0,66,17.451428571428572,1301.63,0.0,-103.03999999999999,1198.5900000000001
2024-02-16,39,0,39,11.693999999999999,556.04,0.0,-32.82,523.22
2024-02-17,21,0,21,15.456666666666665,248.34,0.0,-24.07,224.26999999999998
2024-02-18,68,0,68,14.238,1064.16,0.0,-95.14,969.02
2024-02-19,26,0,26,17.990000000000002,486.53999999999996,0.0,-52.71,433.83000000000004
2024-02-20,20,0,20,18.954,375.09,0.0,-27.04,348.05
2024-02-21,31,0,31,12.180000000000001,371.95000000000005,0.0,-20.6,351.35
2024-02-22,69,0,69,27.994,1608.46,0.0,-144.87,1463.59
2024-02-23,122,0,122,17.16,1623.65,0.0,-131.68,1491.9699999999998
2024-02-24,56,0,56,11.848571428571429,705.1700000000001,0.0,-63.449999999999996,641.72
2024-02-25,82,0,82,12.29142857142857,1188.11,0.0,-94.19999999999999,1093.91
2024-02-26,276,0,276,14.801666666666668,5276.34,0.0,-350.65999999999997,4925.68
2024-02-27,143,0,143,15.396,2475.8,0.0,-204.78000000000003,2271.02
2024-02-28,68,0,68,14.37,1371.93,0.0,-162.53,1209.4
2024-02-29,119,0,119,11.103,1626.3600000000001,0.0,-106.11,1520.25
2024-03-01,65,0,65,18.2225,919.71,0.0,-66.15,853.56
2024-03-02,49,0,49,11.962857142857143,748.9,0.0,-47.5,701.4
2024-03-03,49,0,49,6.944,716.65,0.0,-29.29,687.36
2024-03-04,65,0,65,11.48625,763.96,0.0,-56.349999999999994,707.6099999999999
2024-03-05,55,0,55,9.243333333333334,769.96,0.0,-64.42,705.54
2024-03-06,50,0,50,19.404999999999998,789.04,0.0,-73.79,715.25
2024-03-07,81,0,81,17.61555555555556,2362.58,0.0,-134.7,2227.88
2024-03-08,100,0,100,12.258181818181818,1996.3899999999999,0.0,-141.62,1854.77
2024-03-09,132,0,132,20.508,3359.8099999999995,0.0,-255.03000000000003,3104.7799999999997
2024-03-10,112,0,112,14.281818181818181,1530.83,0.0,-145.09,1385.74
2024-03-11,307,0,307,14.438666666666668,4389.48,0.0,-300.47,4089.01
2024-03-12,120,0,120,14.51909090909091,1764.15,0.0,-107.97,1656.18
2024-03-13,107,0,107,13.935,1965.0100000000002,0.0,-195.27999999999997,1769.73
2024-03-14,108,0,108,12.009,1597.8899999999999,0.0,-133.45,1464.44
2024-03-15,76,0,76,12.619,1128.07,0.0,-93.88,1034.19
2024-03-16,52,0,52,9.52875,630.1800000000001,0.0,-50.620000000000005,579.5600000000001
2024-03-17,55,0,55,14.56375,778.32,0.0,-46.230000000000004,732.0899999999999
2024-03-18,38,0,38,12.01,575.31,0.0,-58.69,516.62
2024-03-19,42,0,42,13.1175,611.44,0.0,-46.45,564.99
2024-03-20,55,0,55,14.796363636363635,885.22,0.0,-87.11,798.11
2024-03-21,131,0,131,7.590909090909091,1590.7600000000002,0.0,-78.44999999999999,1512.31
2024-03-22,161,0,161,7.822500000000001,1551.8600000000001,0.0,-113.46000000000001,1438.3999999999999
2024-03-23,104,0,104,9.23375,1176.96,0.0,-69.64,1107.32
2024-03-24,111,0,111,10.268333333333333,1742.3899999999999,0.0,-114.28,1628.11
2024-03-25,58,0,58,21.3375,1615.78,0.0,-158.94,1456.8400000000001
2024-03-26,50,0,50,11.885,443.53999999999996,0.0,-30.3,413.24
2024-03-27,47,0,47,13.736666666666666,464.34000000000003,0.0,-46.57,417.77
2024-03-28,66,0,66,10.63625,568.71,0.0,-50.67,518.04
2024-03-29,37,0,37,7.952500000000001,266.53999999999996,0.0,-20.270000000000003,246.27
2024-03-30,170,0,170,18.333750000000002,3421.7599999999998,0.0,-287.21000000000004,3134.55
2024-03-31,49,0,49,19.948,1020.74,0.0,-63.7,957.04
2024-04-01,34,0,34,15.516666666666666,527.98,0.0,-42.66,485.32000000000005
2024-04-02,37,0,37,14.676666666666668,492.03000000000003,0.0,-31.26,460.77
2024-04-03,37,0,37,11.725714285714286,453.73,0.0,-32.19,421.53999999999996
2024-04-04,71,0,71,17.441666666666666,1644.47,0.0,-91.5,1552.97
2024-04-05,89,0,89,22.78333333333333,1566.7199999999998,0.0,-123.88,1442.84
2024-04-06,66,0,66,14.47875,1181.37,0.0,-90.73,1090.6399999999999
2024-04-07,54,0,54,12.8325,999.69,0.0,-75.37,924.3199999999999
2024-04-08,32,0,32,15.513333333333334,633.8499999999999,0.0,-53.97,579.88
2024-04-09,32,0,32,13.507142857142856,422.34000000000003,0.0,-37.730000000000004,384.61
2024-04-10,25,0,25,23.8125,501.19,0.0,-37.739999999999995,463.45000000000005
2024-04-11,44,0,44,17.856,1008.21,0.0,-74.34,933.8700000000001
2024-04-12,27,0,27,15.327142857142857,388.57000000000005,0.0,-43.66,344.90999999999997
2024-04-13,35,0,35,10.096666666666666,440.51,0.0,-33.22,407.29
2024-04-14,98,0,98,12.693333333333333,1774.3600000000001,0.0,-100.97999999999999,1673.38
2024-04-15,206,0,206,16.10578947368421,3422.44,0.0,-282.97,3139.4700000000003
2024-04-16,53,0,53,11.496666666666664,873.05,0.0,-55.61,817.4399999999999
2024-04-17,41,0,41,13.70875,633.83,0.0,-46.269999999999996,587.56
2024-04-18,74,0,74,24.291249999999998,1743.74,0.0,-192.10000000000002,1551.6399999999999
2024-04-19,56,0,56,12.207142857142857,734.53,0.0,-55.31,679.22
2024-04-20,92,0,92,8.167,1025.49,0.0,-78.43,947.06
2024-04-21,50,0,50,9.416,544.23,0.0,-45.3,498.93
2024-04-22,49,0,49,10.848571428571429,629.25,0.0,-52.209999999999994,577.04
2024-04-23,70,0,70,12.413333333333334,707.63,0.0,-55.79,651.84
2024-04-24,58,0,58,22.115,960.9200000000001,0.0,-77.17,883.75
2024-04-25,110,0,110,16.865,1927.54,0.0,-88.15,1839.39
2024-04-26,76,0,76,20.954545454545453,1261.67,0.0,-110.06,1151.6100000000001
2024-04-27,68,0,68,15.935,1116.38,0.0,-77.18,1039.2
2024-04-28,36,0,36,15.04625,607.31,0.0,-35.78,571.53
2024-04-29,28,0,28,12.168571428571429,386.34000000000003,0.0,-26.47,359.87
2024-04-30,22,0,22,10.4175,251.69,0.0,-9.84,241.85
2024-05-01,39,0,39,11.585,585.22,0.0,-43.9,541.3199999999999
2024-05-02,36,0,36,14.996666666666668,621.3399999999999,0.0,-43.66,577.68
2024-05-03,220,0,220,15.116666666666667,4371.42,0.0,-345.47,4025.95
2024-05-04,93,0,93,16.44909090909091,1664.03,0.0,-124.93,1539.1000000000001
2024-05-05,70,0,70,18.055,1604.9,0.0,-129.82,1475.08
2024-05-06,45,0,45,10.200000000000001,592.52,0.0,-42.59,549.9300000000001
2024-05-07,76,0,76,21.08777777777778,962.48,0.0,-84.9,877.58
2024-05-08,54,0,54,9.17,942.52,0.0,-52.95,889.57
2024-05-09,61,0,61,25.777142857142856,926.5699999999999,0.0,-78.15,848.42
2024-05-10,37,0,37,13.15,659.46,0.0,-28.58,630.88
2024-05-11,19,0,19,15.742,322.0,0.0,-17.61,304.39
2024-05-12,27,0,27,15.75,407.54999999999995,0.0,-40.89,366.65999999999997
2024-05-13,16,0,16,13.541666666666666,263.56,0.0,-24.71,238.85000000000002
2024-05-14,26,0,26,19.56,538.27,0.0,-44.76,493.51000000000005
2024-05-15,61,0,61,22.63,1141.76,0.0,-76.6,1065.16
2024-05-16,85,0,85,15.68375,1591.8000000000002,0.0,-103.21000000000001,1488.5900000000001
2024-05-17,254,0,254,16.93235294117647,4990.25,0.0,-407.28999999999996,4582.96
2024-05-18,109,0,109,14.713999999999999,1920.56,0.0,-85.68,1834.8799999999999
2024-05-19,93,0,93,19.490000000000002,1439.17,0.0,-103.18,1335.99
2024-05-20,48,0,48,9.5,608.65,0.0,-37.83,570.82
2024-05-21,94,0,94,9.955000000000002,1370.3400000000001,0.0,-79.7,1290.6399999999999
2024-05-22,66,0,66,16.756,984.66,0.0,-100.0,884.66
2024-05-23,123,0,123,12.700000000000001,1631.5,0.0,-165.39000000000001,1466.1100000000001
2024-05-24,52,0,52,12.7275,519.44,0.0,-35.06,484.38
2024-05-25,29,0,29,5.855,314.47,0.0,-21.119999999999997,293.35
2024-05-26,50,0,50,21.186666666666664,644.0999999999999,0.0,-44.44,599.66
2024-05-27,28,0,28,10.1625,367.78,0.0,-21.99,345.78999999999996
2024-05-28,38,0,38,6.803999999999999,415.1,0.0,-26.979999999999997,388.12
2024-05-29,15,0,15,19.558,339.47,0.0,-30.72,308.75
2024-05-30,35,0,35,10.345,428.07,0.0,-32.519999999999996,395.55
2024-05-31,26,0,26,7.848000000000001,259.15999999999997,0.0,-18.5,240.66000000000003
2024-06-01,193,0,193,16.146250000000002,3738.79,0.0,-307.43,3431.36
2024-06-02,52,0,52,18.027142857142856,1107.1799999999998,0.0,-75.32,1031.8600000000001
2024-06-03,29,0,29,12.846666666666666,338.92,0.0,-25.6,313.32
2024-06-04,47,0,47,26.495,975.71,0.0,-64.46000000000001,911.25
2024-06-05,25,0,25,15.728,383.94,0.0,-35.42,348.52
2024-06-06,24,0,24,13.223333333333334,405.14,0.0,-31.240000000000002,373.90000000000003
2024-06-07,201,0,201,18.613,3744.5299999999997,0.0,-321.78999999999996,3422.74
2024-06-08,108,0,108,15.10625,2088.08,0.0,-150.72,1937.36
2024-06-09,142,0,142,24.965,2856.45,0.0,-234.67000000000002,2621.7799999999997
2024-06-10,81,0,81,15.41375,1275.06,0.0,-112.53999999999999,1162.52
2024-06-11,67,0,67,22.7625,945.5,0.0,-76.36,869.14
2024-06-12,58,0,58,14.536666666666667,821.28,0.0,-75.56,745.72
2024-06-13,77,0,77,16.82,1386.03,0.0,-89.28,1296.75
2024-06-14,57,0,57,7.3,542.51,0.0,-40.72,501.78999999999996
2024-06-15,23,0,23,5.619999999999999,128.25,0.0,-4.9,123.35000000000001
2024-06-16,124,0,124,15.572500000000002,2197.27,0.0,-145.42000000000002,2051.85
2024-06-17,255,0,255,15.050714285714287,4172.0,0.0,-322.28,3849.7200000000003
2024-06-18,76,0,76,15.015833333333333,1330.49,0.0,-114.57,1215.92
2024-06-19,39,0,39,18.708333333333332,761.34,0.0,-48.67,712.67
2024-06-20,85,0,85,13.822857142857142,1481.16,0.0,-107.66999999999999,1373.49
2024-06-21,65,0,65,21.30333333333333,1504.7,0.0,-132.21,1372.49
2024-06-22,66,0,66,14.081,1303.52,0.0,-80.63,1222.89
2024-06-23,51,0,51,12.115,741.8699999999999,0.0,-64.92,676.95
2024-06-24,39,0,39,10.596666666666666,382.11,0.0,-25.07,357.04
2024-06-25,31,0,31,12.16,447.99,0.0,-36.41,411.58
2024-06-26,28,0,28,13.752,421.88,0.0,-38.74,383.14
2024-06-27,66,0,66,9.183333333333334,844.9300000000001,0.0,-39.67,805.26
2024-06-28,42,0,42,14.2375,652.11,0.0,-54.06,598.05
2024-06-29,18,0,18,10.644,208.38,0.0,-17.75,190.63
2024-06-30,46,0,46,18.306,860.98,0.0,-73.69,787.29
2024-07-01,52,0,52,16.938,864.01,0.0,-105.13,758.88
2024-07-02,13,0,13,9.14,144.24,0.0,-8.44,135.8
2024-07-03,15,0,15,8.3,161.87,0.0,-11.379999999999999,150.49
2024-07-04,37,0,37,21.478,1030.03,0.0,-42.56,987.47
2024-07-05,164,0,164,18.207857142857144,4224.46,0.0,-318.46000000000004,3906.0
2024-07-06,63,0,63,21.061666666666667,1423.31,0.0,-101.07,1322.24
2024-07-07,69,0,69,13.198000000000002,1438.9099999999999,0.0,-118.87,1320.04
2024-07-08,49,0,49,10.645999999999999,785.26,0.0,-46.22,739.04
2024-07-09,64,0,64,8.765714285714285,781.16,0.0,-64.33,716.8299999999999
2024-07-10,25,0,25,21.419999999999998,525.67,0.0,-53.13,472.54
2024-07-11,52,0,52,25.531666666666666,1111.72,0.0,-95.39,1016.3299999999999
2024-07-12,73,0,73,15.243,1226.26,0.0,-89.67,1136.59
2024-07-13,33,0,33,20.560000000000002,694.56,0.0,-64.33,630.23
2024-07-14,50,0,50,15.332857142857142,993.71,0.0,-81.31,912.4
2024-07-15,49,0,49,17.366666666666667,801.5,0.0,-79.17999999999999,722.3199999999999
2024-07-16,21,0,21,27.525,385.52,0.0,-30.099999999999998,355.42
2024-07-17,21,0,21,14.96,312.68,0.0,-23.55,289.13
2024-07-18,139,0,139,17.762857142857143,3181.48,0.0,-200.15,2981.33
2024-07-19,213,0,213,17.884117647058826,3947.75,0.0,-359.65,3588.1000000000004
2024-07-20,81,0,81,16.044999999999998,1572.75,0.0,-139.67000000000002,1433.08
2024-07-21,69,0,69,15.504999999999999,1340.77,0.0,-95.76,1245.01
2024-07-22,63,0,63,16.988333333333333,1297.53,0.0,-80.36,1217.17
2024-07-23,62,0,62,17.305,915.19,0.0,-59.35,855.84
2024-07-24,75,0,75,11.44125,1107.1100000000001,0.0,-94.58999999999999,1012.52
2024-07-25,88,0,88,12.537142857142856,1205.08,0.0,-78.94,1126.1399999999999
2024-07-26,74,0,74,9.456,1130.49,0.0,-60.7,1069.79
2024-07-27,47,0,47,12.185,583.8299999999999,0.0,-41.629999999999995,542.2
2024-07-28,46,0,46,19.45,743.87,0.0,-47.870000000000005,696.0
2024-07-29,47,0,47,9.46888888888889,568.71,0.0,-37.099999999999994,531.61
2024-07-30,36,0,36,14.36111111111111,450.69,0.0,-31.02,419.67
2024-07-31,29,0,29,14.11,440.76,0.0,-34.35,406.41
2024-08-01,74,0,74,15.475454545454545,1333.41,0.0,-96.64,1236.77
2024-08-02,170,0,170,15.035625,3331.84,0.0,-269.73,3062.1099999999997
2024-08-03,55,0,55,15.683333333333332,791.23,0.0,-54.24,736.99
2024-08-04,89,-1,88,23.212222222222223,1618.56,-14.39,-93.05000000000001,1511.12
2024-08-05,64,0,64,12.995,838.3100000000001,0.0,-58.81,779.5
2024-08-06,62,0,62,6.984999999999999,686.5799999999999,0.0,-41.989999999999995,644.5899999999999
2024-08-07,26,0,26,9.322,464.92,0.0,-34.4,430.52
2024-08-08,41,0,41,17.052,818.46,0.0,-60.56,757.9000000000001
2024-08-09,23,0,23,12.818000000000001,413.75,0.0,-30.83,382.92
2024-08-10,30,0,30,17.618000000000002,491.63,0.0,-29.82,461.81000000000006
2024-08-11,25,0,25,20.428,693.4399999999999,0.0,-39.89,653.55
2024-08-12,15,0,15,19.645,277.37,0.0,-22.09,255.28
2024-08-13,13,0,13,12.145,216.43,0.0,-14.260000000000002,202.17000000000002
2024-08-14,25,0,25,14.722,526.0999999999999,0.0,-38.57,487.53
2024-08-15,84,0,84,16.10666666666667,1992.1299999999999,0.0,-146.10999999999999,1846.02
2024-08-16,283,0,283,16.144666666666666,5179.610000000001,0.0,-408.14,4771.47
2024-08-17,74,0,74,14.556666666666665,1518.6,0.0,-99.03,1419.5700000000002
2024-08-18,98,0,98,14.886666666666668,1652.23,0.0,-126.30000000000001,1525.9299999999998
2024-08-19,68,0,68,18.11,1467.71,0.0,-106.50999999999999,1361.1999999999998
2024-08-20,59,0,59,10.489999999999998,596.3199999999999,0.0,-40.6,555.72
2024-08-21,79,0,79,12.709999999999999,1289.42,0.0,-105.57,1183.85
2024-08-22,37,0,37,14.965714285714284,489.90999999999997,0.0,-22.689999999999998,467.22
2024-08-23,34,0,34,14.76,500.70000000000005,0.0,-32.55,468.15
2024-08-24,24,0,24,13.299999999999999,318.9,0.0,-22.990000000000002,295.91
2024-08-25,33,0,33,14.402000000000001,610.31,0.0,-35.1,575.21
2024-08-26,29,0,29,25.287142857142857,499.55999999999995,0.0,-51.79,447.77
2024-08-27,15,0,15,9.086666666666668,234.42,0.0,-14.21,220.21
2024-08-28,20,0,20,12.8575,247.69,0.0,-17.77,229.92
2024-08-29,60,0,60,14.571666666666667,1025.56,0.0,-57.38,968.1800000000001
2024-08-30,121,0,121,14.690000000000001,2175.5299999999997,0.0,-133.04999999999998,2042.48
2024-08-31,56,0,56,43.0775,1092.42,0.0,-86.38,1006.04
2024-09-01,44,0,44,21.323333333333334,783.64,0.0,-52.38,731.26
2024-09-02,26,0,26,9.888,374.76,0.0,-14.82,359.94
2024-09-03,64,0,64,10.474,811.71,0.0,-109.15,702.5600000000001
2024-09-04,29,0,29,19.548333333333336,573.52,0.0,-61.459999999999994,512.06
2024-09-05,39,0,39,8.8225,348.73,0.0,-28.18,320.55
2024-09-06,33,0,33,6.272,350.12,0.0,-10.540000000000001,339.58000000000004
2024-09-07,35,0,35,7.876666666666666,379.08000000000004,0.0,-18.07,361.01
2024-09-08,30,0,30,8.91,269.03,0.0,-10.14,258.89
2024-09-09,76,0,76,9.8575,1098.31,0.0,-105.38,992.9300000000001
2024-09-10,30,0,30,14.170000000000002,682.28,0.0,-41.809999999999995,640.47
2024-09-11,45,0,45,16.3,614.25,0.0,-33.269999999999996,580.98
2024-09-12,124,0,124,18.87625,2322.41,0.0,-170.6,2151.81
2024-09-13,270,0,270,15.756666666666668,4255.17,0.0,-293.99,3961.1800000000003
2024-09-14,110,0,110,16.46142857142857,1824.5900000000001,0.0,-179.88,1644.71
2024-09-15,95,0,95,16.81,1380.18,0.0,-89.15,1291.03
2024-09-16,53,0,53,10.54,639.85,0.0,-29.380000000000003,610.47
2024-09-17,27,0,27,13.101666666666667,364.54999999999995,0.0,-29.16,335.39
2024-09-18,47,0,47,15.955,1062.3400000000001,0.0,-117.04,945.3
2024-09-19,69,0,69,18.122857142857143,1592.39,0.0,-157.26000000000002,1435.13
2024-09-20,71,0,71,12.436666666666667,1114.75,0.0,-84.95,1029.8
2024-09-21,58,0,58,13.373333333333333,786.79,0.0,-48.78,738.01
2024-09-22,37,0,37,10.912,531.27,0.0,-36.78,494.49
2024-09-23,64,0,64,15.286666666666667,865.55,0.0,-70.65,794.9
2024-09-24,47,0,47,12.23375,735.78,0.0,-72.96,662.82
2024-09-25,40,0,40,15.654,560.23,0.0,-54.98,505.25
2024-09-26,84,0,84,19.466666666666665,1339.1399999999999,0.0,-110.97,1228.17
2024-09-27,72,0,72,12.533,1095.11,0.0,-65.97,1029.14
2024-09-28,65,0,65,10.125,621.79,0.0,-57.980000000000004,563.81
2024-09-29,72,0,72,13.265714285714285,1332.3000000000002,0.0,-122.34,1209.96
2024-09-30,180,0,180,17.386666666666667,3720.4700000000003,0.0,-316.73,3403.74
2024-10-01,100,0,100,11.273,1511.67,0.0,-109.59,1402.08
2024-10-02,73,0,73,13.882857142857144,1235.65,0.0,-101.49000000000001,1134.16
2024-10-03,81,0,81,11.585714285714285,1017.01,0.0,-69.33,947.68
2024-10-04,57,0,57,14.426666666666668,795.4699999999999,0.0,-44.19,751.28
2024-10-05,59,0,59,13.3575,658.53,0.0,-36.96,621.5699999999999
2024-10-06,63,0,63,13.144,908.87,0.0,-53.72,855.15
2024-10-07,60,0,60,13.9925,872.95,0.0,-66.09,806.86
2024-10-08,37,0,37,15.068000000000001,505.12,0.0,-40.92,464.20000000000005
2024-10-09,14,0,14,10.216666666666667,202.79,0.0,-12.950000000000001,189.83999999999997
2024-10-10,88,0,88,22.67833333333333,2467.11,0.0,-146.1,2321.01
2024-10-11,128,0,128,30.07222222222222,4431.34,0.0,-294.59,4136.75
2024-10-12,98,0,98,15.805555555555555,1888.49,0.0,-117.55000000000001,1770.94
2024-10-13,99,0,99,16.383333333333336,2399.8,0.0,-108.57,2291.23
2024-10-14,113,0,113,16.448333333333334,2595.18,0.0,-128.55,2466.63
2024-10-15,71,0,71,15.031428571428572,1484.5900000000001,0.0,-63.34,1421.25
2024-10-16,67,0,67,9.285555555555554,998.6199999999999,0.0,-51.519999999999996,947.1
2024-10-17,57,0,57,13.778,838.33,0.0,-51.209999999999994,787.12
2024-10-18,79,0,79,11.469999999999999,1228.67,0.0,-93.68,1134.99
2024-10-19,37,0,37,19.466,494.42,0.0,-35.620000000000005,458.8
2024-10-20,37,0,37,18.458333333333332,832.18,0.0,-69.22,762.96
2024-10-21,21,0,21,16.205,350.23,0.0,-30.06,320.16999999999996
2024-10-22,12,0,12,17.096666666666668,155.64,0.0,-13.719999999999999,141.92000000000002
2024-10-23,22,0,22,16.455,437.49,0.0,-20.2,417.28999999999996
2024-10-24,48,0,48,18.642,916.91,0.0,-82.61,834.3
2024-10-25,94,0,94,19.7,2334.87,0.0,-166.25,2168.62
2024-10-26,49,0,49,12.93,954.02,0.0,-54.559999999999995,899.4599999999999
2024-10-27,51,0,51,13.601666666666667,780.11,0.0,-45.269999999999996,734.84
2024-10-28,133,0,133,15.250666666666666,2541.65,0.0,-214.38,2327.27
2024-10-29,56,0,56,15.76142857142857,1051.8700000000001,0.0,-50.66,1001.21
2024-10-30,57,0,57,17.6625,1060.93,0.0,-87.61,973.32
2024-10-31,47,0,47,16.03,640.74,0.0,-49.849999999999994,590.8900000000001
2024-11-01,35,0,35,20.95,802.17,0.0,-38.959999999999994,763.2099999999999
2024-11-02,27,0,27,16.904,477.78,0.0,-41.489999999999995,436.28999999999996
2024-11-03,42,0,42,11.108,651.36,0.0,-50.31,601.05
2024-11-04,17,0,17,15.26,270.44,0.0,-29.5,240.94
2024-11-05,52,0,52,17.814,1059.3899999999999,0.0,-103.42,955.97
2024-11-06,9,0,9,10.432500000000001,142.86,0.0,-10.63,132.23
2024-11-07,98,0,98,17.86,2129.21,0.0,-156.71,1972.5
2024-11-08,238,0,238,15.485384615384616,4393.45,0.0,-277.6,4115.85
2024-11-09,78,0,78,14.386363636363637,1687.1599999999999,0.0,-108.47,1578.69
2024-11-10,67,0,67,11.734285714285715,1033.92,0.0,-71.15,962.77
2024-11-11,22,0,22,45.45333333333334,447.33,0.0,-26.28,421.04999999999995
2024-11-12,21,0,21,15.94,315.74,0.0,-21.46,294.28
2024-11-13,26,0,26,16.12,553.52,0.0,-47.61,505.91
2024-11-14,24,0,24,14.205555555555556,302.04999999999995,0.0,-21.75,280.29999999999995
2024-11-15,29,0,29,11.325999999999999,434.64,0.0,-13.0,421.64
2024-11-16,18,0,18,9.448333333333332,211.57999999999998,0.0,-20.6,190.98000000000002
2024-11-17,44,0,44,14.62142857142857,686.33,0.0,-39.16,647.1700000000001
2024-11-18,20,0,20,10.443999999999999,223.23,0.0,-11.02,212.21
2024-11-19,51,0,51,13.23,724.62,0.0,-48.620000000000005,676.0
2024-11-20,45,0,45,18.822857142857142,750.0799999999999,0.0,-66.32,683.76
2024-11-21,36,0,36,16.16444444444444,718.14,0.0,-49.33,668.81
2024-11-22,96,0,96,26.309166666666666,2443.92,0.0,-162.86,2281.06
2024-11-23,60,0,60,16.212857142857143,901.02,0.0,-76.72999999999999,824.29
2024-11-24,44,0,44,21.107142857142858,770.69,0.0,-64.05,706.64
2024-11-25,43,0,43,17.344,787.21,0.0,-50.870000000000005,736.3399999999999
2024-11-26,60,0,60,16.31,790.71,0.0,-46.440000000000005,744.27
2024-11-27,39,0,39,37.192,882.09,0.0,-51.59,830.5
2024-11-28,25,0,25,17.55,495.15999999999997,0.0,-31.4,463.76
2024-11-29,85,0,85,15.389999999999999,1500.68,0.0,-125.78999999999999,1374.8899999999999
2024-11-30,34,0,34,19.252857142857142,681.9399999999999,0.0,-40.18,641.76
2024-12-01,52,0,52,30.88375,904.94,0.0,-101.72000000000001,803.22
2024-12-02,34,0,34,14.566666666666668,541.0,0.0,-54.78,486.22
2024-12-03,44,0,44,19.0,969.9,0.0,-71.61,898.2900000000001
2024-12-04,37,0,37,13.90857142857143,780.21,0.0,-58.980000000000004,721.23
2024-12-05,22,0,22,27.034000000000002,558.36,0.0,-36.0,522.36
2024-12-06,74,0,74,22.632857142857144,1598.29,0.0,-144.73,1453.56
2024-12-07,79,0,79,17.58125,1183.01,0.0,-94.03999999999999,1088.97
2024-12-08,50,0,50,11.998333333333333,754.0699999999999,0.0,-49.61,704.4599999999999
2024-12-09,74,0,74,19.794999999999998,1234.46,0.0,-89.28999999999999,1145.17
2024-12-10,113,0,113,24.361428571428572,1853.96,0.0,-92.34,1761.62
2024-12-11,30,0,30,23.92625,661.28,0.0,-43.43,617.85
2024-12-12,181,0,181,19.44363636363636,2837.7200000000003,0.0,-141.95999999999998,2695.76
2024-12-13,244,0,244,15.122000000000002,3781.9500000000003,0.0,-309.7,3472.25
2024-12-14,132,0,132,14.27222222222222,1707.8600000000001,0.0,-98.28,1609.58
2024-12-15,74,0,74,12.223333333333333,884.74,0.0,-67.91,816.8299999999999
2024-12-16,105,0,105,8.915,1149.45,0.0,-80.35,1069.1
2024-12-17,61,0,61,11.37375,678.17,0.0,-52.370000000000005,625.8
2024-12-18,83,0,83,11.453333333333333,1001.6700000000001,0.0,-55.489999999999995,946.18
2024-12-19,63,0,63,11.398333333333333,784.04,0.0,-46.59,737.45
2024-12-20,114,0,114,16.997777777777777,1865.28,0.0,-146.94,1718.3400000000001
2024-12-21,82,0,82,8.666,1249.3899999999999,0.0,-87.38,1162.01
2024-12-22,96,0,96,13.61,1234.12,0.0,-124.57,1109.55
2024-12-23,42,0,42,7.857142857142857,408.84000000000003,0.0,-23.58,385.26
2024-12-24,51,0,51,5.8725,498.45000000000005,0.0,-29.22,469.22999999999996
2024-12-25,71,0,71,15.434000000000001,1107.38,0.0,-64.07000000000001,1043.31
2024-12-26,79,0,79,23.57875,1598.9299999999998,0.0,-144.57999999999998,1454.35
2024-12-27,43,0,43,14.344999999999999,465.82,0.0,-43.28,422.54
2024-12-28,70,0,70,9.00111111111111,858.83,0.0,-51.440000000000005,807.39
2024-12-29,71,0,71,10.290000000000001,940.14,0.0,-34.94,905.1999999999999
2024-12-30,44,0,44,8.072857142857142,333.68,0.0,-23.66,310.02
2024-12-31,57,0,57,10.722,627.09,0.0,-32.97,594.12
2025-01-01,28,0,28,11.921666666666667,344.14000000000004,0.0,-24.82,319.32
2025-01-02,55,0,55,8.315,739.15,0.0,-32.69,706.46
2025-01-03,60,0,60,10.783333333333333,914.58,0.0,-48.82,865.76
2025-01-04,53,0,53,11.56,729.21,0.0,-30.979999999999997,698.23
2025-01-05,80,0,80,12.706666666666669,1101.76,0.0,-58.7,1043.06
2025-01-06,53,0,53,9.915000000000001,572.8,0.0,-37.25,535.55
2025-01-07,52,0,52,7.606,563.4200000000001,0.0,-36.66,526.76
2025-01-08,68,0,68,9.052857142857142,851.72,0.0,-52.08,799.64
2025-01-09,58,0,58,6.89,423.16999999999996,0.0,-27.419999999999998,395.75
2025-01-10,78,-1,77,7.198571428571428,698.5899999999999,-24.99,-43.459999999999994,630.14
2025-01-11,56,0,56,7.470000000000001,408.13,0.0,-34.43,373.70000000000005
2025-01-12,52,0,52,11.438333333333333,576.19,0.0,-29.64,546.55
2025-01-13,37,0,37,9.384,339.93,0.0,-20.66,319.27000000000004
2025-01-14,38,0,38,8.796000000000001,328.04,0.0,-25.11,302.93
2025-01-15,27,0,27,4.605,189.43,0.0,-14.87,174.56
2025-01-16,122,0,122,23.458,4200.780000000001,0.0,-225.71,3975.0699999999997
2025-01-17,212,0,212,17.158947368421053,6060.57,0.0,-439.56,5621.01
2025-01-18,135,0,135,17.482727272727274,3397.25,0.0,-176.45,3220.7999999999997
2025-01-19,69,0,69,18.497999999999998,1520.75,0.0,-106.19,1414.56
2025-01-20,73,0,73,16.64636363636364,943.72,0.0,-65.23,878.49
2025-01-21,101,0,101,14.687999999999999,1385.37,0.0,-103.55,1281.82
2025-01-22,48,0,48,16.943,821.2099999999999,0.0,-67.78,753.43
2025-01-23,115,0,115,14.714166666666666,1291.44,0.0,-90.67,1200.77
2025-01-24,44,0,44,8.22875,521.13,0.0,-34.79,486.34000000000003
2025-01-25,83,0,83,9.3975,946.6400000000001,0.0,-62.739999999999995,883.9
2025-01-26,34,0,34,8.00625,352.26,0.0,-34.36,317.9
2025-01-27,36,0,36,13.090000000000002,547.75,0.0,-39.5,508.25
2025-01-28,25,0,25,16.2875,584.7,0.0,-52.33,532.37
2025-01-29,37,0,37,15.52,795.74,0.0,-62.22,733.52
2025-01-30,59,0,59,10.983333333333334,894.8,0.0,-57.14,837.66
2025-01-31,90,0,90,11.062000000000001,1633.32,0.0,-91.96000000000001,1541.3600000000001
2025-02-01,64,0,64,9.73375,893.95,0.0,-73.34,820.6100000000001
2025-02-02,31,0,31,9.308,361.68,0.0,-25.5,336.17999999999995
2025-02-03,45,0,45,15.517499999999998,1058.67,0.0,-82.79,975.88
2025-02-04,45,0,45,9.722857142857142,681.3399999999999,0.0,-41.25,640.09
2025-02-05,26,0,26,10.866666666666667,275.76,0.0,-19.84,255.92000000000002
2025-02-06,79,0,79,12.18625,959.97,0.0,-74.87,885.1
2025-02-07,76,0,76,10.567,767.1800000000001,0.0,-56.04,711.1400000000001
2025-02-08,65,0,65,8.348333333333334,620.77,0.0,-43.86,576.91
2025-02-09,64,0,64,10.4375,704.15,0.0,-63.57,640.58
2025-02-10,39,0,39,8.323333333333332,375.69,0.0,-34.33,341.36
2025-02-11,32,0,32,8.73,235.08,0.0,-19.310000000000002,215.77
2025-02-12,62,0,62,9.172,630.87,0.0,-29.02,601.8499999999999
2025-02-13,182,0,182,12.514666666666667,3261.6400000000003,0.0,-202.73000000000002,3058.91
2025-02-14,150,0,150,13.304615384615385,2324.4,0.0,-159.42000000000002,2164.98
2025-02-15,165,0,165,16.436875,2793.55,0.0,-239.82999999999998,2553.7200000000003
2025-02-16,124,0,124,11.501999999999999,1596.9299999999998,0.0,-121.63999999999999,1475.29
2025-02-17,73,0,73,12.50875,1205.57,0.0,-91.49000000000001,1114.08
2025-02-18,64,0,64,10.407,539.78,0.0,-48.09,491.69000000000005
2025-02-19,65,0,65,10.242857142857144,1114.85,0.0,-97.11,1017.74
2025-02-20,49,0,49,25.036666666666665,1047.35,0.0,-96.44,950.9100000000001
2025-02-21,50,0,50,14.979999999999999,741.28,0.0,-50.59,690.69
2025-02-22,29,0,29,15.62,480.34000000000003,0.0,-39.980000000000004,440.36
2025-02-23,29,0,29,20.863999999999997,405.42,0.0,-28.689999999999998,376.72999999999996
2025-02-24,21,0,21,16.81,353.07,0.0,-12.62,340.45
2025-02-25,23,0,23,13.90857142857143,359.75,0.0,-43.86,315.89
2025-02-26,48,0,48,8.636666666666667,439.6,0.0,-32.78,406.82
2025-02-27,42,0,42,18.898571428571426,923.6899999999999,0.0,-56.74,866.95
2025-02-28,50,0,50,15.816666666666668,1233.83,0.0,-82.42999999999999,1151.4
2025-03-01,38,0,38,9.654,484.66999999999996,0.0,-28.459999999999997,456.21000000000004
2025-03-02,43,0,43,10.748000000000001,633.88,0.0,-40.76,593.12
2025-03-03,59,0,59,13.703750000000001,591.19,0.0,-43.0,548.19
2025-03-04,35,0,35,14.002,325.28000000000003,0.0,-18.259999999999998,307.02
2025-03-05,49,0,49,14.17875,857.7,0.0,-95.53,762.1700000000001
2025-03-06,101,0,101,13.473333333333334,1468.09,0.0,-80.00999999999999,1388.08
2025-03-07,172,0,172,11.958181818181817,2198.5,0.0,-140.41,2058.09
2025-03-08,87,0,87,12.05375,1070.29,0.0,-110.44,959.85
2025-03-09,82,0,82,9.809166666666668,1018.29,0.0,-84.4,933.89
2025-03-10,80,0,80,10.558571428571428,1093.3600000000001,0.0,-79.49,1013.8699999999999
2025-03-11,50,0,50,13.844999999999999,685.98,0.0,-55.28,630.7
2025-03-12,104,0,104,11.825,1320.3,0.0,-88.57,1231.73
2025-03-13,118,0,118,12.762500000000001,1765.5,0.0,-167.59,1597.9099999999999
2025-03-14,66,0,66,9.969999999999999,912.0600000000001,0.0,-38.91,873.1500000000001
2025-03-15,59,0,59,11.021666666666667,771.9,0.0,-57.58,714.3199999999999
2025-03-16,47,0,47,10.532499999999999,555.37,0.0,-37.870000000000005,517.5
2025-03-17,37,0,37,14.052857142857144,558.5699999999999,0.0,-54.27,504.30000000000007
2025-03-18,20,0,20,10.27375,182.35000000000002,0.0,-18.87,163.48000000000002
2025-03-19,17,0,17,11.228,175.51,0.0,-15.09,160.42000000000002
2025-03-20,18,0,18,10.85,254.26,0.0,-15.889999999999999,238.36999999999998
2025-03-21,10,0,10,10.5125,126.41,0.0,-9.33,117.08000000000001
2025-03-22,18,0,18,6.645714285714286,118.83,0.0,-8.48,110.35
2025-03-23,23,0,23,8.791428571428572,339.38,0.0,-21.240000000000002,318.14
2025-03-24,20,0,20,13.11,212.3,0.0,-22.490000000000002,189.81
2025-03-25,134,0,134,12.34909090909091,2468.38,0.0,-164.24,2304.1400000000003
2025-03-26,306,0,306,13.0975,4987.59,0.0,-380.13,4607.46
2025-03-27,142,0,142,16.830666666666666,2301.2799999999997,0.0,-175.42,2125.86
2025-03-28,117,0,117,9.645,1559.1,0.0,-134.5,1424.6
2025-03-29,121,0,121,10.5525,1732.51,0.0,-129.25,1603.26
2025-03-30,76,0,76,9.328571428571427,942.18,0.0,-64.25999999999999,877.9200000000001
2025-03-31,73,0,73,17.505714285714284,912.0899999999999,0.0,-58.14,853.9499999999999
2025-04-01,107,0,107,14.19375,1725.3200000000002,0.0,-145.84,1579.48
2025-04-02,62,0,62,9.709166666666667,650.8700000000001,0.0,-43.75,607.12
2025-04-03,69,0,69,14.622222222222222,1056.3899999999999,0.0,-70.07,986.32
2025-04-04,103,0,103,11.363846153846152,1359.12,0.0,-114.49,1244.63
2025-04-05,49,0,49,18.145714285714284,1056.52,0.0,-85.87,970.65
2025-04-06,72,0,72,11.306999999999999,1011.64,0.0,-83.32000000000001,928.3199999999999
2025-04-07,90,0,90,10.953333333333333,1148.95,0.0,-86.81,1062.1399999999999
2025-04-08,34,0,34,14.86909090909091,530.12,0.0,-49.620000000000005,480.5
2025-04-09,39,0,39,13.78,537.36,0.0,-38.0,499.36
2025-04-10,20,0,20,14.282499999999999,375.02,0.0,-31.49,343.53
2025-04-11,139,0,139,14.02235294117647,2543.41,0.0,-198.63,2344.7799999999997
2025-04-12,61,0,61,15.22,1079.83,0.0,-89.9,989.93
2025-04-13,34,0,34,12.920000000000002,481.44,0.0,-32.620000000000005,448.82000000000005
2025-04-14,41,0,41,14.45375,805.95,0.0,-83.35,722.6
2025-04-15,59,0,59,13.588571428571429,769.8199999999999,0.0,-63.71,706.11
2025-04-16,28,0,28,8.538571428571428,311.31,0.0,-23.869999999999997,287.44
2025-04-17,97,0,97,12.916666666666666,985.77,0.0,-68.84,916.93
2025-04-18,88,0,88,11.102666666666666,950.99,0.0,-95.83,855.1600000000001
2025-04-19,71,0,71,9.491111111111111,669.9100000000001,0.0,-55.97,613.9399999999999
2025-04-20,46,0,46,9.5525,482.24,0.0,-39.24,442.99999999999994
2025-04-21,55,0,55,9.896666666666667,551.6600000000001,0.0,-44.14,507.52
2025-04-22,33,0,33,12.42,371.46,0.0,-32.32,339.14
2025-04-23,35,0,35,8.723,387.02,0.0,-24.009999999999998,363.01
2025-04-24,30,0,30,13.435,397.01,0.0,-35.21,361.79999999999995
2025-04-25,41,0,41,11.5975,643.42,0.0,-36.28,607.14
2025-04-26,37,0,37,17.993333333333332,736.0,0.0,-51.550000000000004,684.45
2025-04-27,31,0,31,22.400000000000002,472.05,0.0,-31.310000000000002,440.74
2025-04-28,34,0,34,17.822499999999998,660.44,0.0,-50.75,609.69
2025-04-29,21,0,21,18.776666666666667,321.03,0.0,-30.35,290.68
2025-04-30,113,0,113,15.15875,2140.7200000000003,0.0,-116.66000000000001,2024.06
2025-05-01,215,0,215,12.846,3499.41,0.0,-276.76,3222.6499999999996
2025-05-02,78,0,78,14.635454545454547,1075.92,0.0,-96.6,979.32
2025-05-03,122,0,122,12.294999999999998,1605.63,0.0,-143.78,1461.85
2025-05-04,52,0,52,18.01888888888889,789.71,0.0,-87.12,702.5899999999999
2025-05-05,64,0,64,18.052,950.9300000000001,0.0,-92.43,858.5
2025-05-06,45,0,45,10.543333333333333,548.0,0.0,-32.32,515.68
2025-05-07,77,0,77,12.393333333333333,1004.28,0.0,-91.02000000000001,913.26
2025-05-08,86,0,86,15.628888888888888,1218.99,0.0,-89.77000000000001,1129.22
2025-05-09,92,0,92,15.450833333333334,1554.94,0.0,-166.61,1388.33
2025-05-10,63,0,63,24.65375,745.21,0.0,-73.75,671.46
2025-05-11,85,0,85,11.77076923076923,1130.78,0.0,-105.02000000000001,1025.76
2025-05-12,73,0,73,10.739,834.01,0.0,-83.77,750.24
2025-05-13,103,0,103,11.697692307692307,1382.62,0.0,-119.77000000000001,1262.85
2025-05-14,39,0,39,10.608333333333333,510.85,0.0,-40.730000000000004,470.12
2025-05-15,33,0,33,11.655000000000001,568.58,0.0,-44.33,524.25
2025-05-16,38,0,38,13.821666666666667,806.08,0.0,-58.559999999999995,747.52
2025-05-17,59,0,59,10.958571428571428,839.38,0.0,-66.21000000000001,773.1700000000001
2025-05-18,59,0,59,7.71875,652.88,0.0,-46.519999999999996,606.36
2025-05-19,17,0,17,11.494,220.25,0.0,-16.28,203.97
2025-05-20,17,0,17,9.986666666666666,180.19,0.0,-17.52,162.67000000000002
2025-05-21,11,0,11,12.615,171.04000000000002,0.0,-13.02,158.02
2025-05-22,85,0,85,22.045,1337.17,0.0,-114.75,1222.42
2025-05-23,144,0,144,13.606666666666666,2528.9,0.0,-229.53,2299.37
2025-05-24,90,0,90,13.287272727272727,1305.8400000000001,0.0,-124.99000000000001,1180.85
2025-05-25,54,0,54,14.503333333333332,653.38,0.0,-50.370000000000005,603.01
2025-05-26,26,0,26,11.089999999999998,372.93,0.0,-24.61,348.32
2025-05-27,23,0,23,13.82,315.57,0.0,-36.81,278.76
2025-05-28,36,0,36,31.683999999999997,574.45,0.0,-48.61,525.8399999999999
2025-05-29,66,0,66,20.8075,1401.9,0.0,-166.07,1235.83
2025-05-30,38,0,38,12.528571428571428,572.64,0.0,-51.8,520.84
2025-05-31,46,0,46,14.422857142857142,643.03,0.0,-41.45,601.58
2025-06-01,68,0,68,16.895,1067.19,0.0,-80.03,987.16
2025-06-02,24,0,24,11.409999999999998,382.69,0.0,-28.4,354.28999999999996
2025-06-03,27,0,27,16.77,566.47,0.0,-35.58,530.89
2025-06-04,14,0,14,12.4,178.41,0.0,-9.4,169.01
2025-06-05,66,0,66,23.515,1296.7,0.0,-62.75,1233.95
2025-06-06,59,0,59,28.463333333333335,1074.75,0.0,-73.59,1001.16
2025-06-07,31,0,31,19.398571428571426,672.36,0.0,-46.82,625.54
2025-06-08,19,0,19,14.080000000000002,350.94,0.0,-34.26,316.68
2025-06-09,15,0,15,15.0925,325.75,0.0,-26.009999999999998,299.74
2025-06-10,38,0,38,10.696,428.65,0.0,-30.65,398.0
2025-06-11,31,0,31,14.831999999999999,635.55,0.0,-15.04,620.51
2025-06-12,15,0,15,24.232499999999998,450.65000000000003,0.0,-45.92999999999999,404.71999999999997
2025-06-13,309,0,309,19.329375,5602.67,0.0,-409.53999999999996,5193.13
2025-06-14,239,0,239,15.603529411764706,3903.42,0.0,-351.87,3551.5499999999997
2025-06-15,110,0,110,14.44,1611.62,0.0,-126.13,1485.49
2025-06-16,135,0,135,16.316666666666666,1884.84,0.0,-180.3,1704.54
2025-06-17,104,0,104,14.431000000000001,1468.35,0.0,-135.2,1333.15
2025-06-18,96,0,96,15.410909090909092,1221.15,0.0,-99.76,1121.39
2025-06-19,100,0,100,14.656363636363636,1415.9199999999998,0.0,-98.31,1317.61
2025-06-20,87,0,87,14.62142857142857,1171.54,0.0,-94.97,1076.57
2025-06-21,86,0,86,11.985555555555557,1116.22,0.0,-104.78,1011.4399999999999
2025-06-22,49,0,49,11.855,785.44,0.0,-38.459999999999994,746.98
2025-06-23,55,0,55,15.368,783.37,0.0,-68.62,714.75
2025-06-24,79,0,79,12.979,1092.3700000000001,0.0,-95.73,996.64
2025-06-25,35,0,35,12.19909090909091,587.16,0.0,-51.59,535.5699999999999
2025-06-26,52,0,52,16.652,756.93,0.0,-62.81,694.12
2025-06-27,50,0,50,16.551666666666666,754.5799999999999,0.0,-78.32,676.26
2025-06-28,34,0,34,15.022499999999999,645.1199999999999,0.0,-62.88,582.24
2025-06-29,12,0,12,6.640000000000001,151.05,0.0,-10.209999999999999,140.84
2025-06-30,15,0,15,17.04,358.53999999999996,0.0,-24.759999999999998,333.78
2025-07-01,27,0,27,12.066666666666668,404.85,0.0,-41.480000000000004,363.37
2025-07-02,90,0,90,14.552666666666665,1647.71,0.0,-175.42000000000002,1472.29
2025-07-03,106,0,106,21.918333333333333,2025.01,0.0,-136.28,1888.73
2025-07-04,64,0,64,18.240000000000002,1345.5900000000001,0.0,-141.8,1203.79
2025-07-05,38,0,38,19.99888888888889,772.75,0.0,-58.71,714.04
2025-07-06,38,0,38,10.865,637.44,0.0,-39.290000000000006,598.15
2025-07-07,35,0,35,11.775,477.78,0.0,-39.760000000000005,438.02
2025-07-08,50,0,50,12.2075,843.33,0.0,-83.13,760.2
2025-07-09,33,0,33,19.434,652.06,0.0,-48.72,603.34
2025-07-10,26,0,26,11.312857142857142,250.01,0.0,-22.77,227.23999999999998
2025-07-11,91,0,91,18.579,1843.99,0.0,-141.57999999999998,1702.4099999999999
2025-07-12,53,0,53,13.82125,948.06,0.0,-73.03,875.03
2025-07-13,63,0,63,20.183636363636364,1039.04,0.0,-111.79,927.25
2025-07-14,52,0,52,10.5125,829.49,0.0,-73.79,755.7
2025-07-15,24,0,24,12.376000000000001,291.3,0.0,-20.16,271.14
2025-07-16,32,0,32,9.193333333333333,381.06,0.0,-30.27,350.79
2025-07-17,42,0,42,16.253999999999998,914.69,0.0,-76.73,837.96
2025-07-18,53,0,53,21.53333333333333,1468.75,0.0,-132.91,1335.8400000000001
2025-07-19,52,0,52,11.712307692307691,727.7,0.0,-85.95,641.75
2025-07-20,57,0,57,15.60090909090909,737.05,0.0,-65.21000000000001,671.84
2025-07-21,49,0,49,9.378888888888888,443.21999999999997,0.0,-34.57,408.65
2025-07-22,30,0,30,6.336,212.57,0.0,-18.81,193.76
2025-07-23,111,0,111,13.855555555555556,1172.94,0.0,-53.94,1119.0
2025-07-24,33,0,33,11.896666666666667,309.22,0.0,-31.04,278.18
2025-07-25,47,0,47,13.795,650.75,0.0,-48.260000000000005,602.49
2025-07-26,23,0,23,9.551428571428572,276.64,0.0,-18.12,258.52
2025-07-27,64,0,64,9.655555555555557,626.78,0.0,-63.73,563.05
2025-07-28,22,0,22,9.973333333333334,242.52,0.0,-16.95,225.57
2025-07-29,112,0,112,10.012222222222222,1708.34,0.0,-74.53999999999999,1633.8
2025-07-30,195,0,195,12.973749999999999,2812.37,0.0,-263.17,2549.2
2025-07-31,87,0,87,11.40857142857143,1255.54,0.0,-93.68,1161.8600000000001
2025-08-01,60,0,60,12.67,848.2,0.0,-58.93,789.27
2025-08-02,46,0,46,13.89,788.89,0.0,-43.83,745.0600000000001
2025-08-03,86,0,86,12.46888888888889,1243.65,0.0,-66.68,1176.97
2025-08-04,35,0,35,15.38,525.24,0.0,-37.21,488.03
2025-08-05,53,0,53,12.74375,670.37,0.0,-46.74,623.63
2025-08-06,32,0,32,11.348888888888888,433.45000000000005,0.0,-39.260000000000005,394.19
2025-08-07,43,0,43,9.754999999999999,386.19000000000005,0.0,-23.6,362.59
2025-08-08,78,0,78,9.056363636363637,652.24,0.0,-47.47,604.77
2025-08-09,39,0,39,13.09125,432.52,0.0,-30.64,401.88
2025-08-10,22,0,22,10.392857142857142,205.74,0.0,-16.61,189.13
2025-08-11,44,0,44,12.855,530.46,0.0,-33.33,497.13
2025-08-12,110,0,110,9.811875,1739.02,0.0,-135.41,1603.6100000000001
2025-08-13,54,0,54,16.041,734.4000000000001,0.0,-75.91,658.49
2025-08-14,39,0,39,17.348333333333333,718.87,0.0,-61.96,656.9100000000001
2025-08-15,50,0,50,15.082222222222223,926.0,0.0,-70.42,855.5799999999999
2025-08-16,25,0,25,12.34,381.68,0.0,-28.939999999999998,352.74
2025-08-17,51,0,51,12.364,820.9,0.0,-36.739999999999995,784.16
2025-08-18,33,0,33,15.223333333333334,767.87,0.0,-25.740000000000002,742.1300000000001
2025-08-19,23,0,23,16.54,383.94,0.0,-24.78,359.15999999999997
2025-08-20,17,0,17,18.84125,334.83000000000004,0.0,-41.51,293.32
2025-08-21,43,0,43,9.223333333333334,789.87,0.0,-61.44,728.4300000000001
2025-08-22,348,0,348,15.5555,5908.860000000001,0.0,-514.06,5394.8
2025-08-23,111,0,111,13.2725,1967.82,0.0,-144.12,1823.7
2025-08-24,104,0,104,11.323333333333332,1529.76,0.0,-143.6,1386.1599999999999
2025-08-25,41,0,41,13.244,571.73,0.0,-50.32,521.41
2025-08-26,23,0,23,16.588333333333335,321.14,0.0,-28.06,293.08000000000004
2025-08-27,75,0,75,14.044285714285715,848.1,0.0,-36.64,811.46
2025-08-28,124,0,124,12.271,1918.47,0.0,-147.70999999999998,1770.76
2025-08-29,95,0,95,13.4925,1186.3,0.0,-96.89,1089.41
2025-08-30,83,0,83,16.491666666666667,1305.29,0.0,-134.32,1170.97
2025-08-31,40,0,40,10.42125,605.11,0.0,-54.97,550.14
2025-09-01,49,0,49,14.283333333333335,787.0699999999999,0.0,-79.93,707.14
2025-09-02,30,0,30,12.842000000000002,405.91,0.0,-31.4,374.51
2025-09-03,36,0,36,14.192222222222222,549.4399999999999,0.0,-47.959999999999994,501.48
2025-09-04,47,0,47,11.225999999999999,651.47,0.0,-59.39999999999999,592.0699999999999
2025-09-05,99,0,99,12.941333333333334,1806.94,0.0,-141.76,1665.18
2025-09-06,42,0,42,11.5225,565.03,0.0,-45.1,519.9300000000001
2025-09-07,29,0,29,13.494444444444445,431.92,0.0,-39.230000000000004,392.69
2025-09-08,15,0,15,14.973333333333334,230.54,0.0,-16.48,214.06
2025-09-09,10,0,10,19.494999999999997,193.94,0.0,-17.05,176.89
2025-09-10,21,0,21,12.620000000000001,352.27,0.0,-33.07,319.2
2025-09-11,88,0,88,16.18,1298.15,0.0,-73.11,1225.04
2025-09-12,38,0,38,15.709999999999999,570.69,0.0,-37.84,532.85
2025-09-13,41,0,41,11.65857142857143,631.96,0.0,-53.75,578.21
2025-09-14,51,0,51,11.3325,768.24,0.0,-45.22,723.02
2025-09-15,25,0,25,13.251428571428573,333.71,0.0,-22.08,311.63
2025-09-16,35,0,35,11.0825,443.99,0.0,-33.36,410.63
2025-09-17,38,0,38,14.830000000000002,514.23,0.0,-29.09,485.14
2025-09-18,76,0,76,13.43888888888889,1066.22,0.0,-77.03,989.19
2025-09-19,77,0,77,15.086666666666668,1152.25,0.0,-95.07,1057.18
2025-09-20,40,0,40,12.500833333333333,484.71999999999997,0.0,-39.44,445.28000000000003
2025-09-21,41,0,41,11.405555555555557,490.39000000000004,0.0,-40.24,450.15
2025-09-22,28,0,28,9.726363636363637,292.88,0.0,-21.81,271.07
2025-09-23,14,0,14,10.985,139.29000000000002,0.0,-13.65,125.64
2025-09-24,18,0,18,12.294,212.16,0.0,-16.34,195.82
2025-09-25,76,0,76,21.761428571428574,1219.05,0.0,-112.4,1106.65
2025-09-26,197,0,197,17.892500000000002,3298.6600000000003,0.0,-223.99,3074.67
2025-09-27,102,0,102,14.945833333333333,1877.37,0.0,-183.74,1693.63
2025-09-28,37,0,37,9.41,609.4399999999999,0.0,-29.0,580.44
2025-09-29,55,0,55,17.176,1080.04,0.0,-119.73,960.3100000000001
2025-09-30,60,0,60,13.12875,888.99,0.0,-67.49000000000001,821.5
2025-10-01,33,0,33,14.28125,612.57,0.0,-34.9,577.6700000000001
2025-10-02,50,0,50,8.30125,713.65,0.0,-39.79,673.86
2025-10-03,66,0,66,9.316666666666666,835.4100000000001,0.0,-60.739999999999995,774.67
2025-10-04,29,0,29,13.112857142857141,336.32,0.0,-26.259999999999998,310.06
2025-10-05,44,0,44,8.691666666666666,466.7,0.0,-37.17,429.53
2025-10-06,28,0,28,19.675,335.41,0.0,-23.77,311.64
2025-10-07,56,0,56,10.994285714285713,817.5,0.0,-94.27000000000001,723.23
2025-10-08,44,0,44,10.76,485.74,0.0,-17.87,467.87
2025-10-09,45,0,45,14.474166666666667,685.52,0.0,-74.49,611.03
2025-10-10,128,0,128,12.69357142857143,2228.0699999999997,0.0,-176.45,2051.62
2025-10-11,63,0,63,13.6625,1092.1799999999998,0.0,-89.39,1002.79
2025-10-12,36,0,36,20.37,638.3,0.0,-59.43,578.87
2025-10-13,59,0,59,8.42625,721.9200000000001,0.0,-29.560000000000002,692.36
2025-10-14,47,0,47,12.393333333333333,738.1999999999999,0.0,-31.54,706.6600000000001
2025-10-15,29,0,29,10.893333333333333,301.78999999999996,0.0,-26.439999999999998,275.35
2025-10-16,41,0,41,10.665,498.11,0.0,-63.21,434.9
2025-10-17,166,0,166,14.05875,2343.44,0.0,-182.01,2161.4300000000003
2025-10-18,97,0,97,12.790000000000001,1248.04,0.0,-112.59,1135.45
2025-10-19,63,0,63,11.317777777777778,855.39,0.0,-65.2,790.19
2025-10-20,56,0,56,11.817272727272728,699.88,0.0,-54.22,645.66
2025-10-21,65,0,65,20.97714285714286,1050.73,0.0,-75.28999999999999,975.44
2025-10-22,19,0,19,13.097999999999999,264.46,0.0,-27.79,236.67000000000002
2025-10-23,18,0,18,12.5975,234.12,0.0,-25.29,208.82999999999998
2025-10-24,323,0,323,14.605714285714285,5133.8,0.0,-342.61,4791.1900000000005
2025-10-25,107,0,107,16.064615384615387,1708.67,0.0,-145.76,1562.91
2025-10-26,67,0,67,12.61125,950.6099999999999,0.0,-53.019999999999996,897.59
2025-10-27,72,0,72,12.431111111111111,985.27,0.0,-71.91,913.36
2025-10-28,44,0,44,16.794285714285714,589.91,0.0,-51.050000000000004,538.86
2025-10-29,70,0,70,14.422222222222224,1053.67,0.0,-93.81,959.86
2025-10-30,75,0,75,14.45,1608.93,0.0,-101.56,1507.37
2025-10-31,58,0,58,27.409999999999997,1287.9,0.0,-122.5,1165.4
2025-11-01,28,0,28,13.655,536.46,0.0,-37.26,499.2
2025-11-02,38,0,38,11.495,462.28,0.0,-30.33,431.95000000000005
2025-11-03,33,0,33,17.087,627.6999999999999,0.0,-63.379999999999995,564.3199999999999
2025-11-04,33,0,33,11.674285714285714,397.56,0.0,-39.769999999999996,357.79
2025-11-05,29,0,29,12.47125,402.11,0.0,-39.480000000000004,362.63
2025-11-06,58,0,58,14.0625,865.97,0.0,-42.980000000000004,822.99
2025-11-07,150,0,150,18.204,3444.8,0.0,-343.39,3101.41
2025-11-08,73,0,73,15.5625,1098.17,0.0,-75.3,1022.87
2025-11-09,33,0,33,21.735,428.7,0.0,-25.75,402.94999999999993
2025-11-10,44,0,44,14.924999999999999,730.45,0.0,-68.65,661.8
2025-11-11,27,0,27,18.666,466.95,0.0,-32.49,434.46000000000004
2025-11-12,24,0,24,19.2775,505.14,0.0,-60.25,444.89
2025-11-13,13,0,13,24.526,249.88,0.0,-26.52,223.36
2025-11-14,71,0,71,16.055,1305.5900000000001,0.0,-96.63000000000001,1208.96
2025-11-15,96,0,96,16.548,1622.19,0.0,-145.93,1476.26
2025-11-16,56,0,56,15.753333333333332,946.69,0.0,-79.42,867.2700000000001
2025-11-17,53,0,53,13.964285714285714,815.8,0.0,-51.620000000000005,764.1800000000001
2025-11-18,116,0,116,18.29,1548.2800000000002,0.0,-67.78,1480.5
2025-11-19,55,0,55,8.318333333333333,587.0600000000001,0.0,-31.7,555.36
2025-11-20,75,0,75,11.772499999999999,1177.14,0.0,-126.95,1050.19
2025-11-21,45,0,45,13.617142857142856,794.53,0.0,-94.68,699.85
2025-11-22,18,0,18,27.201666666666668,272.77,0.0,-25.34,247.43
2025-11-23,18,0,18,18.9825,364.11,0.0,-23.32,340.78999999999996
2025-11-24,11,0,11,11.195714285714287,120.11,0.0,-12.07,108.03999999999999
